Date,AAPL,AMZN,TSLA,KO,^GSPC
2021-01-04 00:00:00-05:00,,,,,
2021-01-05 00:00:00-05:00,0.012288075929923536,0.009954646073317086,0.007290726849837448,-0.011054121952530416,0.00705763138336124
2021-01-06 00:00:00-05:00,-0.034241207071826985,-0.02521177683421083,0.02799476644243626,-0.03232996069315419,0.005693603382475487
2021-01-07 00:00:00-05:00,0.03355363973631054,0.007548565530855811,0.0764484686901481,-0.011146604637934043,0.0147382601077517
2021-01-08 00:00:00-05:00,0.008594499646243925,0.006474509430722364,0.07548123816080565,0.02217041458014446,0.005476837393516121
2021-01-11 00:00:00-05:00,-0.023523284341822936,-0.021754382256951033,-0.08144231364811638,-0.01737807641212763,-0.006576327616620858
2021-01-12 00:00:00-05:00,-0.0013965473524928385,0.002123540741920671,0.04607500335507542,-0.0017945644535717342,0.0004157020305690651
2021-01-13 00:00:00-05:00,0.016096593576651053,0.014335165650269488,0.005833900551637683,0.000997178976915869,0.0022730563867252584
2021-01-14 00:00:00-05:00,-0.015242929677478756,-0.012209782116707757,-0.011074621019439235,-0.018714477442005162,-0.00376051306874281
2021-01-15 00:00:00-05:00,-0.013825739727500341,-0.007452299659631123,-0.022548164384925684,-0.010824200479849555,-0.0072160007982784435
2021-01-19 00:00:00-05:00,0.005412586269558872,0.005304424924283957,0.022015499815695172,-0.003909109482068018,0.008103457635762368
2021-01-20 00:00:00-05:00,0.03232774625398083,0.04468698106534852,0.006961708841249248,0.003498347765271248,0.013839417376511065
2021-01-21 00:00:00-05:00,0.03600237765869796,0.013274918628908061,-0.006440854103183291,0.005531228450001979,0.00031667316131311907
2021-01-22 00:00:00-05:00,0.01594578255339041,-0.004473303364495251,0.0019507385857471249,-0.009441858968463723,-0.0030151526629378367
2021-01-25 00:00:00-05:00,0.02730789912496867,0.0005374909810065276,0.03955508620073278,0.005962841553254883,0.003609317513017629
2021-01-26 00:00:00-05:00,0.0016776074664903717,0.009706872588035154,0.002596544878530338,0.010400864036058444,-0.0014899431611539171
2021-01-27 00:00:00-05:00,-0.007713302848986636,-0.028528919404601893,-0.021669174678462078,-0.015539133834372887,-0.026013315126100167
2021-01-28 00:00:00-05:00,-0.0356120422864139,0.0015579052061100995,-0.033811459334112115,0.012694761809884714,0.009713298778759594
2021-01-29 00:00:00-05:00,-0.03813842456291372,-0.00975205157164627,-0.051455133708131484,-0.020555692996659936,-0.019500377654791734
2021-02-01 00:00:00-05:00,0.016384907475345933,0.04174627405005449,0.05668432585298433,0.0068301542963138395,0.015924300234678057
2021-02-02 00:00:00-05:00,0.006316679841329886,0.011043015400718836,0.03851924269165963,0.009852114919370436,0.013802528814311543
2021-02-03 00:00:00-05:00,-0.007808650919649551,-0.020163489626646047,-0.020956118951171554,-0.0038881349748418614,0.0010082606153449802
2021-02-04 00:00:00-05:00,0.02543160411649481,0.005560357666634097,-0.005514295631595445,0.004908898765403347,0.010794847643921912
2021-02-05 00:00:00-05:00,-0.003102848359393562,0.006329342562379381,0.0026318832156615457,0.012974110353209056,0.0038899196077633036
2021-02-08 00:00:00-05:00,0.0010963630659004409,-0.00875196775883591,0.013044842106936905,0.005423201639765285,0.007372107476289358
2021-02-09 00:00:00-05:00,-0.006595594790443471,-0.005413479034809043,-0.01630045514251055,-0.0044166166757828584,-0.001114145421722057
2021-02-10 00:00:00-05:00,-0.004568718735319166,-0.005588994815407311,-0.05398211054651636,-0.0020141841622534074,-0.00034524452239104164
2021-02-11 00:00:00-05:00,-0.0019220768759833362,-0.007467083315264134,0.00846287842304605,0.01401423497976495,0.001661074814588659
2021-02-12 00:00:00-05:00,0.0017742320814777557,0.004764600739062708,0.005479859012750943,0.007723697288825271,0.0046999709261612566
2021-02-16 00:00:00-05:00,-0.016234933032640342,-0.0026761970923745437,-0.024685864957399772,-0.00832016879133457,-0.0005694345154143576
2021-02-17 00:00:00-05:00,-0.017801471648197342,0.012068471325383356,0.002420934399334662,-0.0027889296772269923,-0.0003204533489178374
2021-02-18 00:00:00-05:00,-0.008673926158659917,0.005903355134449839,-0.013585558248810692,0.012685905430694255,-0.004425614227242747
2021-02-19 00:00:00-05:00,0.0012326200092793727,-0.023816428691007197,-0.007751801260508451,-0.013085032779874606,-0.0018566190956654793
2021-02-22 00:00:00-05:00,-0.030252020100848043,-0.021510306346618435,-0.08937612559287711,0.010323860164710208,-0.007762892893710571
2021-02-23 00:00:00-05:00,-0.001111710097479346,0.004316729031036637,-0.022161184525391953,-0.001779309606206425,0.0012555296115266401
2021-02-24 00:00:00-05:00,-0.004060346899574796,-0.0110073276407876,0.05995434797561927,0.003358236590568442,0.011287667670986323
2021-02-25 00:00:00-05:00,-0.035401961727308695,-0.03293690001850802,-0.08402401628243972,-0.010706138287634559,-0.024783394424172656
2021-02-26 00:00:00-05:00,0.002229065568060129,0.011632467716053085,-0.009898985904473356,-0.023801029506762106,-0.004761532293798609
2021-03-01 00:00:00-05:00,0.052451345234517,0.017057488725899184,0.061615106636751626,0.018404753934725626,0.023512173225693545
2021-03-02 00:00:00-05:00,-0.021115090233709388,-0.01654030181848487,-0.04554943930628852,0.00400008859928791,-0.008113678739508856
2021-03-03 00:00:00-05:00,-0.02476051121958278,-0.02935847824991189,-0.04963546753524195,-0.002398081250102546,-0.013152335894801581
2021-03-04 00:00:00-05:00,-0.015938226089362573,-0.009170074897274283,-0.04984401019282281,-0.0008006400756777055,-0.013508038064390604
2021-03-05 00:00:00-05:00,0.010681069210243699,0.007658083796421522,-0.038532236280416576,0.016877232013918775,0.019308356338710198
2021-03-08 00:00:00-05:00,-0.04256678152822868,-0.016299583149453234,-0.06022747806878126,0.016596863842485376,-0.00537364322402567
2021-03-09 00:00:00-05:00,0.039845159822340825,0.03687987327469333,0.17932714140524908,-0.015219547509008446,0.014055400743931301
2021-03-10 00:00:00-05:00,-0.009208853955821716,-0.001702465685027299,-0.008228833280182535,0.011339146164226932,0.006012203770987767
2021-03-11 00:00:00-05:00,0.016367913730155337,0.01813302818958551,0.046130766690605896,-0.010946071400346202,0.010341825500656654
2021-03-12 00:00:00-05:00,-0.0076544806130263154,-0.007770384177341327,-0.008425900400430564,-0.0019835875368841016,0.001014883327531635
2021-03-15 00:00:00-04:00,0.024162315794101552,-0.002531144890792092,0.020276496577123382,0.013216379256320021,0.006470939539413578
2021-03-16 00:00:00-04:00,0.012662367899733518,0.0032979661178309527,-0.044865336947577106,0.0037162608451928314,-0.0015709169785971255
2021-03-17 00:00:00-04:00,-0.006471372026786604,0.014089129048404203,0.03616869761350472,0.0003905660476966055,0.0028752446501592033
2021-03-18 00:00:00-04:00,-0.034493134796577785,-0.03496292546552038,-0.07184055905976194,-0.013161855140675804,-0.014870560065947558
2021-03-19 00:00:00-04:00,-0.004490397351995412,0.015392830040767969,0.0026145840568734258,0.0047345547298967006,-0.0006028856737536614
2021-03-22 00:00:00-04:00,0.02794151920843735,0.011610547696605522,0.022840977712959898,0.003732487836299203,0.007000556898342225
2021-03-23 00:00:00-04:00,-0.006912385052117109,0.008523856571831523,-0.011770465503007976,0.007617968425381871,-0.007660118119334314
2021-03-24 00:00:00-04:00,-0.02019609239343545,-0.016203881085462335,-0.04935894253519102,0.0025264259858186477,-0.005482336600348248
2021-03-25 00:00:00-04:00,0.0041550247199042545,-0.01330779145401717,0.015929083234571983,0.009658283409025081,0.0052265834327283045
2021-03-26 00:00:00-04:00,0.005128194415978449,0.0018923206745418142,-0.03444071328935916,0.01941813443791185,0.01649441865871637
2021-03-29 00:00:00-04:00,0.0014838353774937474,0.007735312514846271,-0.012065159218404453,0.015155983856988353,-0.0008683896263868007
2021-03-30 00:00:00-04:00,-0.01235042765914951,-0.0066677778077828265,0.039029424523405076,-0.013084441889837262,-0.0031628294096499587
2021-03-31 00:00:00-04:00,0.018591873182467467,0.012616087083554994,0.049582426993429074,-0.008312844951693599,0.0036159535924209507
2021-04-01 00:00:00-04:00,0.006934440999585512,0.021397878158709638,-0.009295525767170076,-0.0038016856065010707,0.011755830427674141
2021-04-05 00:00:00-04:00,0.023303570350833525,0.02058080084715641,0.04332438849776654,0.005697162440847059,0.0143349877622434
2021-04-06 00:00:00-04:00,0.002459265735659244,-0.0009022971624075282,0.000824436171884102,0.007169680360801678,-0.0009740049407973572
2021-04-07 00:00:00-04:00,0.01330148324111935,0.01709045911872309,-0.030312237057485092,0.0016906360561326217,0.001474145698107776
2021-04-08 00:00:00-04:00,0.019051128115195937,0.006052887214350378,0.018941076007002344,-0.0030075541354341873,0.00421175094059123
2021-04-09 00:00:00-04:00,0.020049527578861692,0.02185505142152877,-0.009964638245883783,0.0011290524975691163,0.0076902881356879504
2021-04-12 00:00:00-04:00,-0.013321548350263335,0.002129852126865117,0.036204064082915544,0.00319146755988875,-0.00019609807474019192
2021-04-13 00:00:00-04:00,0.024015914983924525,0.006080225513606763,0.08246153715881288,-0.004885365005139697,0.0032890718770630656
2021-04-14 00:00:00-04:00,-0.01801449540664546,-0.01990266892127046,-0.040271799078941406,-0.00018821946636959908,-0.004096104320730376
2021-04-15 00:00:00-04:00,0.018535010356638182,0.013733669660684455,0.009000306677510395,0.004698627224004159,0.011033101401119794
2021-04-16 00:00:00-04:00,-0.002531155014505515,0.006004280530908623,0.0012579114127895252,0.0065415395729480075,0.003602323390516915
2021-04-19 00:00:00-04:00,0.005056034880671412,-0.008101740463144935,-0.034587909254449656,0.005943618481075941,-0.0053206898937574465
2021-04-20 00:00:00-04:00,-0.012913225022998631,-0.011129268476365084,0.0060824814151700934,0.0031430023352667646,-0.006825561005078029
2021-04-21 00:00:00-04:00,0.002925633056583443,0.008162267510845922,0.03435484924604282,0.008089933023036178,0.009263020919853204
2021-04-22 00:00:00-04:00,-0.011754241475403937,-0.015883879438344017,-0.033381717950915935,-0.0031179501849569746,-0.009253337860554822
2021-04-23 00:00:00-04:00,0.017877558044031794,0.009576191314046412,0.013401702875531107,0.0005509196593416199,0.0108694098955322
2021-04-26 00:00:00-04:00,0.002973719583406975,0.02018469191216532,0.011992516455123337,-0.014982254041378429,0.0017806845645829128
2021-04-27 00:00:00-04:00,-0.0024524308950235607,0.0024698649221992497,-0.04638585985423038,-0.0014919181588672892,-0.0002149189814453223
2021-04-28 00:00:00-04:00,-0.006045427340066745,0.011946146532530122,-0.014780794025162969,0.00018654232464454523,-0.0008458975873963936
2021-04-29 00:00:00-04:00,-0.0007491159599348762,0.0036970920850531996,-0.025376837131345198,0.01242488136747344,0.0067400415367036
2021-04-30 00:00:00-04:00,-0.015248893230078053,-0.0011212645540181754,0.04680461290993776,-0.0051737563758171845,-0.007220713417121161
2021-05-03 00:00:00-04:00,0.008181726833945469,-0.02361686640013616,-0.035203052789871236,0.009220077343813582,0.002744321649512216
2021-05-04 00:00:00-04:00,-0.03602666017430067,-0.022280927908248316,-0.016636360929421556,-0.006260289956300458,-0.0067007374898473415
2021-05-05 00:00:00-04:00,0.001953535128647488,-0.01255795508146118,-0.003956776807325646,-0.0025891873362557938,0.00070321644711413
2021-05-06 00:00:00-04:00,0.01272096618980978,0.010895826077639725,-0.011090612633393171,0.009950127213225635,0.008132299498631923
2021-05-07 00:00:00-04:00,0.005313575883523214,-0.0044740515091259425,0.013219694470214094,-0.0005501346475864644,0.007346291419187523
2021-05-10 00:00:00-04:00,-0.026143387076727365,-0.031202294199866643,-0.06661398691844678,0.007311312891361332,-0.0104904805031385
2021-05-11 00:00:00-04:00,-0.007437907681750566,0.010420336143649678,-0.019001672485714494,-0.010803117111339411,-0.008711750141781494
2021-05-12 00:00:00-04:00,-0.025254734134038337,-0.022576744303825613,-0.04525703659502067,-0.005167792243494063,-0.021682782358302788
2021-05-13 00:00:00-04:00,0.01776096482359879,0.0030189822880313244,-0.031339186285390674,0.008659596463472141,0.012099644578093205
2021-05-14 00:00:00-04:00,0.019650567155260035,0.01924448252755173,0.031084853734470563,0.004027800701798423,0.014807778563623586
2021-05-17 00:00:00-04:00,-0.009301652651807046,0.014627646460072086,-0.022134145780060344,-0.0016458855926066995,-0.0025332581839609958
2021-05-18 00:00:00-04:00,-0.011309578302301837,-0.01172148758111291,0.0018013224952051488,-0.00550551649151787,-0.00855377238403321
2021-05-19 00:00:00-04:00,-0.0012823431043598177,-0.00014852585753466485,-0.025252562795766487,-0.003133388848046259,-0.0029477518113782963
2021-05-20 00:00:00-04:00,0.02079449179212478,0.004901676923524612,0.04055360140847508,0.008822061867110431,0.010499429334508648
2021-05-21 00:00:00-04:00,-0.014877259627119166,-0.01382802147126938,-0.010105809239520092,-0.0005491045842331843,-0.0007841880752526009
2021-05-24 00:00:00-04:00,0.013226337375465747,0.012999356323421196,0.043061622029703095,0.003290113853218646,0.009862497481215371
2021-05-25 00:00:00-04:00,-0.0015747982730811572,0.004323491452926653,-0.0028898399510817185,-0.00018265513542825573,-0.002127545400828268
2021-05-26 00:00:00-04:00,-0.00039408737199142507,0.0018730010825374066,0.023599290742317258,0.004370920807321266,0.0018750575506114586
2021-05-27 00:00:00-04:00,-0.012454049564422753,-0.010792589148289622,0.018752900206065348,0.008324271156566088,0.001164636089862725
2021-05-28 00:00:00-04:00,-0.005362391889874196,-0.0021818073536046256,-0.008964584890581051,-0.003610880451941245,0.0007685864528870212
2021-06-01 00:00:00-04:00,-0.002651729183074991,-0.0013723560569101068,-0.0021135004691110737,-0.00018080621679095188,-0.0004924547586302452
2021-06-02 00:00:00-04:00,0.0062564174022679,0.004754641593086362,-0.030563287475861678,0.003971961446174177,0.0014458890369013488
2021-06-03 00:00:00-04:00,-0.012228504241518223,-0.014633490299348573,-0.054820311546240674,0.002519297597094017,-0.0036353030560487554
2021-06-04 00:00:00-04:00,0.018843518771124224,0.006009564164363823,0.04473860632554949,0.010725922117859277,0.008795303383015707
2021-06-07 00:00:00-04:00,7.929525344874122e-05,-0.0025639767739553676,0.010098272085864224,-0.0035626406843354275,-0.0007970562694215033
2021-06-08 00:00:00-04:00,0.006649793837971707,0.02045844509486905,-0.0025481655598920128,-0.006983568795756234,0.00017500954944082991
2021-06-09 00:00:00-04:00,0.0030725656904477816,0.005206770515708392,-0.008000903407653581,-0.003059515886324693,-0.001825532590615353
2021-06-10 00:00:00-04:00,-0.008055714671585612,0.02066191089395719,0.018761400839628628,0.007720668393019103,0.00464145477646305
2021-06-11 00:00:00-04:00,0.009784761994175994,-0.0008421810689318576,-0.0003770891203824789,0.004461478136383423,0.0019465389328079397
2021-06-14 00:00:00-04:00,0.024280521598045723,0.0110063346852316,0.01270813041693053,-0.003414488711000363,0.0018135563851373604
2021-06-15 00:00:00-04:00,-0.0064582721804828935,-0.00021872359760788385,-0.03012429716067011,-0.0025233205034718154,-0.0020137199542773487
2021-06-16 00:00:00-04:00,0.0039259293425271125,0.009449397061352727,0.00915115578861947,-0.013445167255565327,-0.005404703747025508
2021-06-17 00:00:00-04:00,0.012522265223867457,0.021433300729007065,0.019206974034688074,0.005108723922448988,-0.00043581054367258787
2021-06-18 00:00:00-04:00,-0.010142951836400904,-0.0006708833058208796,0.010823457790849922,-0.021708116222626028,-0.013211355687284154
2021-06-21 00:00:00-04:00,0.014005545618279491,-0.009491708765253293,-0.003986737073227609,0.010913039642816091,0.013905163512319518
2021-06-22 00:00:00-04:00,0.01261821103599381,0.014794678093753788,0.0046282567023236965,0.0036723485552592194,0.005111406378990324
2021-06-23 00:00:00-04:00,-0.0020920673657727207,-0.00046229652298901414,0.05134382098403201,-0.00809713625178654,-0.0010838705186486663
2021-06-24 00:00:00-04:00,-0.0021714537227346398,-0.01574627076531332,0.034798741964763735,0.004976570079389564,0.005794429545916913
2021-06-25 00:00:00-04:00,-0.0022511152125481715,-0.013902758645549795,-0.011763228305736284,-0.001287888700340023,0.0033250631646861706
2021-06-28 00:00:00-04:00,0.012468016608458754,0.012396928694551335,0.024769941961746866,-0.0011051376769177779,0.0023122888604731884
2021-06-29 00:00:00-04:00,0.011434559408053602,0.0012332733462514511,-0.011624991064810075,-0.007399300556640398,0.0002772977426861445
2021-06-30 00:00:00-04:00,0.004610502576491093,-0.0023169853895694814,-0.0015582931945798961,0.004630945695494049,0.0013272784229076962
2021-07-01 00:00:00-04:00,0.0022606882344042845,-0.0020921891922665026,-0.0026222581937176415,-0.002776039929702545,0.005208041432254618
2021-07-02 00:00:00-04:00,0.019407106394526252,0.02246941064938568,0.0014445931240389953,0.00406876838883008,0.007472095894691222
2021-07-06 00:00:00-04:00,0.014611220064104202,0.045859309046500485,-0.028870583198134625,-0.0055522927031406155,-0.002023902770021735
2021-07-07 00:00:00-04:00,0.01779608207936967,0.005653552588564814,-0.022895747206025163,0.008133056782077208,0.003353346553662817
2021-07-08 00:00:00-04:00,-0.009242480097337413,0.009378115281815091,0.012578594031283252,-0.0035041375535258545,-0.008597881009555053
2021-07-09 00:00:00-04:00,0.012970573257798712,-0.003239947167558377,0.006321812249024283,0.006078181172886499,0.01121482590241385
2021-07-12 00:00:00-04:00,-0.004212489241659512,-0.0002123706920338364,0.04283227917054422,0.00036713610884664405,0.003445232695593603
2021-07-13 00:00:00-04:00,0.007858352832263549,-0.011138754050319832,-0.025343989677892864,0.00986313568046615,-0.003523011181165714
2021-07-14 00:00:00-04:00,0.02381454330204491,0.0011740849089996175,-0.022937323111711372,0.022286830793570633,0.001164256565468591
2021-07-15 00:00:00-04:00,-0.004502415239816315,-0.013806009042966139,-0.0042638736295259605,0.0031945120790064507,-0.0032675735627449853
2021-07-16 00:00:00-04:00,-0.01417578214260562,-0.0159812543511908,-0.009854715165982242,-0.0007089687449508553,-0.007567415006812794
2021-07-19 00:00:00-04:00,-0.02728320491695868,-0.006749758546577667,0.0030996731036587732,-0.011950542532694897,-0.015996781399984172
2021-07-20 00:00:00-04:00,0.0256424513235336,0.006626609097477143,0.02185716570596341,0.0017926453410233023,0.015048806004799076
2021-07-21 00:00:00-04:00,-0.005145015770439798,0.0033554749445130483,-0.007919294852611003,0.012813774834876668,0.008208041662143728
2021-07-22 00:00:00-04:00,0.0095826253302711,0.01462812132351754,-0.009244607860686038,-0.0014155306269318935,0.00201463920924283
2021-07-23 00:00:00-04:00,0.011917697986213227,0.00510234580116542,-0.00909768358493146,0.009517134163065322,0.0100943323862559
2021-07-26 00:00:00-04:00,0.0028903882197122144,0.01173945831877532,0.02189168871378655,0.0008766735479435184,0.00237936692272811
2021-07-27 00:00:00-04:00,-0.015012593106840555,-0.020046471345742667,-0.019718078031379704,0.003498881821789812,-0.004723583382176599
2021-07-28 00:00:00-04:00,-0.01227095779560372,0.0010831503488786254,0.0034062276545414605,-0.009122726360899058,-0.00018627923155278836
2021-07-29 00:00:00-04:00,0.004542262810489639,-0.008409199103878606,0.04587275846182948,0.005448482803460664,0.0041973318452726005
2021-07-30 00:00:00-04:00,0.0015090881272241674,-0.078663308875492,0.014437208664382695,-0.000350594426366424,-0.005420713608261352
2021-08-02 00:00:00-04:00,-0.002333459774671809,0.0011683541547142795,0.03217472594711168,-0.002633568426624766,-0.00184450567006067
2021-08-03 00:00:00-04:00,0.01256484828594484,0.010379692962522391,9.862134908633635e-05,0.0007028401500339676,0.008169961338918341
2021-08-04 00:00:00-04:00,-0.0027861072587631597,-0.003428109147844083,0.0016611683273515254,-0.014510930756758356,-0.004643150661296502
2021-08-05 00:00:00-04:00,0.0007482080587202233,0.0063203474572173235,0.005205072568156943,0.007104978010511687,0.005987485990420538
2021-08-06 00:00:00-04:00,-0.004778423988493152,-0.009239891315900195,-0.021971130346089218,0.002474774919525302,0.0016738645485290249
2021-08-09 00:00:00-04:00,-0.00034210787625532646,-0.0009181548153360808,0.02075293960905622,0.00017655672175642678,-0.0009403502649565354
2021-08-10 00:00:00-04:00,-0.003359653917268446,-0.006361004973165052,-0.0052958920093253425,0.002644246591700483,0.0009921869538640493
2021-08-11 00:00:00-04:00,0.0017839379351158868,-0.008640868502137522,-0.003061037245156939,-0.0012330622297462845,0.0012749307180150993
2021-08-12 00:00:00-04:00,0.02056045729566236,0.0034538388189027103,0.02018150491696602,0.001937114066616008,0.00413780773547856
2021-08-13 00:00:00-04:00,0.0014096627630566516,-0.002888997082590272,-0.0070584091033225604,0.006837696781172298,0.001606016320923942
2021-08-16 00:00:00-04:00,0.0134569576861443,0.0015227871766327894,-0.04418754471286679,0.004358992123569827,0.002617422261993241
2021-08-17 00:00:00-04:00,-0.006172993871030208,-0.017438191452479046,-0.030271235169466948,-0.003485686999325832,-0.007085743507136755
2021-08-18 00:00:00-04:00,-0.025832035013772625,-0.012646113476256993,0.034372592585718564,-0.013710631975268228,-0.010806652845255726
2021-08-19 00:00:00-04:00,0.002320317959363827,-0.004216696494284022,-0.02278326704839362,0.0063514701921212335,0.0012559032561583194
2021-08-20 00:00:00-04:00,0.010105718387269924,0.0038198497898500605,0.010031571629141922,-0.0038766952725959314,0.008108603890741861
2021-08-23 00:00:00-04:00,0.010204845091857706,0.020391037483534546,0.03756503320848825,-0.003537323717003993,0.008487667984411473
2021-08-24 00:00:00-04:00,-0.0006014365620652384,0.01214625346424203,0.0030958501857263343,-0.007647939963849382,0.0014946188019617779
2021-08-25 00:00:00-04:00,-0.008456746783537028,-0.0019985098458956685,0.0038177489873270076,0.0010707018954714265,0.0022176574032517493
2021-08-26 00:00:00-04:00,-0.005542799907721552,0.005085305152845443,-0.014217568331421404,-0.009497526709944193,-0.005841949827603443
2021-08-27 00:00:00-04:00,0.007159012874040194,0.010090674197310356,0.015229452832627999,0.001978577914916624,0.0087690715404527
2021-08-30 00:00:00-04:00,0.029963995854244807,0.021249618004885562,0.026324794631827686,0.009478992167744504,0.004297324106874001
2021-08-31 00:00:00-04:00,-0.00846054732395185,0.014282714711431943,0.006559274920001634,0.002311112718289987,-0.001350026915892144
2021-09-01 00:00:00-04:00,0.004468539023528173,0.002362616032989706,-0.002217981262751856,0.006725655090916494,0.00031164006095174557
2021-09-02 00:00:00-04:00,0.007447366435644476,-0.004574927931495942,-0.0023184737320933735,0.001410263665972522,0.002838605754405421
2021-09-03 00:00:00-04:00,0.004221287237438531,0.004301820154126723,0.001609836102514528,-0.0007047719788033646,-0.00033508726118114396
2021-09-07 00:00:00-04:00,0.015370732490474381,0.008941925919555338,0.026035942688487523,-0.018861889217906658,-0.0034013524523217598
2021-09-08 00:00:00-04:00,-0.010135037316876705,0.004608538783880789,0.0012609548743904853,0.013382291014288672,-0.0013194368138158552
2021-09-09 00:00:00-04:00,-0.006727306446379089,-0.011795296134862632,0.0013123695533119317,-0.009974999274350527,-0.004616247150002195
2021-09-10 00:00:00-04:00,-0.03366252685553128,-0.0043173076063389715,-0.02493535637554789,-0.004485615415755095,-0.007752552286277137
2021-09-13 00:00:00-04:00,0.0038861694154617155,-0.0034592661286030335,0.009099139444442628,0.008237910024631034,0.0022739003463705387
2021-09-14 00:00:00-04:00,-0.009608133786016104,-0.0020761346389193136,0.00200334182872286,0.0007184638535364662,-0.005763213966258007
2021-09-15 00:00:00-04:00,0.006124919882847024,0.00744758906412013,0.015117058319369825,0.0034059333116824853,0.008438294222079534
2021-09-16 00:00:00-04:00,-0.0016118587761120295,0.0035755056094997073,0.0015335851645730258,-0.009529921071208758,-0.001552344712765219
2021-09-17 00:00:00-04:00,-0.018518143446142332,-0.007400637151307343,0.0032970919669148557,-0.0165773682169017,-0.009152630275798046
2021-09-20 00:00:00-04:00,-0.021592670981903872,-0.03132736193754315,-0.03936976129858483,-0.007004629301187837,-0.017123077726381553
2021-09-21 00:00:00-04:00,0.0034222843779598833,-0.003612263745817579,0.012534643183808036,-0.00018494369853616632,-0.0008126886585468895
2021-09-22 00:00:00-04:00,0.016731469298871815,0.01083345384867851,0.01684451236014617,0.0014788241941521285,0.009474585224218401
2021-09-23 00:00:00-04:00,0.006696810691435573,0.010579777062858398,0.0022582628204919075,-0.0016639566520861848,0.012061680369937378
2021-09-24 00:00:00-04:00,0.0006125444409024183,0.0027829969154176126,0.0271608419720204,-0.0027794803556999703,0.0014599428113637458
2021-09-27 00:00:00-04:00,-0.01060581500964286,-0.005773469524888775,0.02167740137755647,-0.005209373715520549,-0.0027802439201884965
2021-09-28 00:00:00-04:00,-0.024089164757680415,-0.026732621677354906,-0.01759219534754841,-0.018259440235418367,-0.020574317739892933
2021-09-29 00:00:00-04:00,0.006462154677688403,-0.004485396155335941,0.004811186434424464,0.006060705858653037,0.0015679543362843162
2021-09-30 00:00:00-04:00,-0.009355466987591932,-0.004882981617736704,-0.0074897880450972565,-0.00929528215973896,-0.011981202945015923
2021-10-01 00:00:00-04:00,0.00809423663839759,-0.000542024698019894,-0.00033534501293708274,0.010427561903656013,0.011425952113334858
2021-10-04 00:00:00-04:00,-0.024913369158801046,-0.028884858084547993,0.00810667334888926,-0.0005660584204458807,-0.013070952048643392
2021-10-05 00:00:00-04:00,0.014059263435913572,0.009739950346903115,-0.001203574108239458,0.00169721490087138,0.010469517498600922
2021-10-06 00:00:00-04:00,0.006287174470776868,0.012651646071788925,0.002763320999873642,0.011798816734549966,0.004094399349623856
2021-10-07 00:00:00-04:00,0.009043375634492534,0.012315060502089636,0.013778893929123015,0.0031603279718477317,0.008264039225066355
2021-10-08 00:00:00-04:00,-0.002725237209322273,-0.004190573462060421,-0.010284539562275263,0.004444259633183734,-0.0019155566024213755
2021-10-11 00:00:00-04:00,-0.0006301074258150408,-0.01295212110527455,0.008177997401230819,0.00203041497921852,-0.006889441644339911
2021-10-12 00:00:00-04:00,-0.009144729604751767,0.0003172241904456641,0.017250616138320574,0.0,-0.002419705686554252
2021-10-13 00:00:00-04:00,-0.004248778876283055,0.011314351840535863,0.006630349593761409,0.00018448390334047104,0.003017955870230793
2021-10-14 00:00:00-04:00,0.020023696038327543,0.00473254305896198,0.008886865672995015,0.006798417631622922,0.016919162285711664
2021-10-15 00:00:00-04:00,0.007484423735408363,0.03254486320029404,0.029749074917108764,-0.002383436391042437,0.00743252063718991
2021-10-18 00:00:00-04:00,0.011736997345237477,0.011004005769470915,0.03161711443997284,-0.009961337905561418,0.003369087801804227
2021-10-19 00:00:00-04:00,0.014967583069974921,-0.0007517249304829221,-0.006734486474692325,0.0038857004275256735,0.007366142784235308
2021-10-20 00:00:00-04:00,0.0033554493034877453,-0.008482066989621728,0.0017687488821671593,0.008825058664113428,0.003657333598560797
2021-10-21 00:00:00-04:00,0.0014729088900189424,0.005824760045405775,0.03205181901693166,-0.0051384750872540685,0.002991393168359835
2021-10-22 00:00:00-04:00,-0.005299133542482792,-0.02938229613638743,0.017387072543932014,0.0018382460421335622,-0.0010731292246628499
2021-10-25 00:00:00-04:00,-0.00033613545667332545,-0.0045613770860821745,0.11921843486746742,-0.004048657284878132,0.004736959440853283
2021-10-26 00:00:00-04:00,0.0045644288616584205,0.016636110939322712,-0.006293814959296817,0.004415870677287437,0.0018181414322437917
2021-10-27 00:00:00-04:00,-0.003152709838454726,0.004851848967382111,0.018898727534898185,0.019093443321436254,-0.005064370371105298
2021-10-28 00:00:00-04:00,0.024684348055824756,0.015815426966205415,0.037055629444172844,0.009322276262024864,0.009781288424184353
2021-10-29 00:00:00-04:00,-0.018322241072779022,-0.021745984346715375,0.03374062327713556,0.005871331330286278,0.0019474372317169752
2021-11-01 00:00:00-04:00,-0.005623509073711119,-0.016238229093382905,0.08149724419582505,-0.003554389649838008,0.0017984589459025813
2021-11-02 00:00:00-04:00,0.007090905261891045,-0.001616715961798576,-0.030742747979580543,-0.0012470085002145304,0.0036736071203886667
2021-11-03 00:00:00-04:00,0.009751073464523863,0.02127978196929181,0.03509368755165987,0.003381157972468962,0.00644049461288887
2021-11-04 00:00:00-04:00,-0.0035046101477460567,0.027111464426082144,0.01313564628546171,0.005491990903979893,0.004173222342817695
2021-11-05 00:00:00-04:00,0.0035757835446554864,0.012004091021207586,-0.006378469186124391,0.004231503636378253,0.0037258500452850285
2021-11-08 00:00:00-05:00,-0.005568131971103618,-0.00856451987877449,-0.049611246175579105,-0.009013048183323935,0.0008873940607010411
2021-11-09 00:00:00-05:00,0.0024566625458035674,0.024699674045048248,-0.12772318728902388,0.00283645312783376,-0.0035049109263987077
2021-11-10 00:00:00-05:00,-0.01934932608686246,-0.026687971077504535,0.042512838090691396,0.0040631182501424945,-0.008259842163861109
2021-11-11 00:00:00-05:00,-0.0003382310881701045,-0.0027463665972797813,-0.004166195376867243,0.00035259327193370993,0.0005507883329887164
2021-11-12 00:00:00-05:00,0.014235064364536143,0.01504823445807979,-0.028701065279561178,-0.002293712831126893,0.0071966975641295505
2021-11-15 00:00:00-05:00,6.671980154226986e-05,0.005806911669058223,-0.019572543156920474,0.00017643346147666605,-1.0739878016252646e-05
2021-11-16 00:00:00-05:00,0.006644572812914085,-0.0014054733770292316,0.039983660905794416,-0.007089605740005833,0.003857779057126365
2021-11-17 00:00:00-05:00,0.016355756680188627,0.0023413880700422496,0.03198421610385882,-0.005529363487985606,-0.0026050154828958227
2021-11-18 00:00:00-05:00,0.028136279922586382,0.0406014972597033,0.006744812791821708,-0.0089831471413504,0.003379064740171245
2021-11-19 00:00:00-05:00,0.016833521333528445,-0.005287066211290714,0.03643213445734972,-0.005066108786162538,-0.0013996446049873157
2021-11-22 00:00:00-05:00,0.0029233688936622926,-0.028695094881880934,0.01727209690953213,0.006148350925492707,-0.003202258316960638
2021-11-23 00:00:00-05:00,0.002418959981736357,0.002088774763957524,-0.042232293448715374,0.0073641888298783265,0.001655761383194232
2021-11-24 00:00:00-05:00,0.0032782920012550676,0.00010331000315133565,0.006265105659809755,-0.008085578547338823,0.0022912237766679056
2021-11-26 00:00:00-05:00,-0.032191096399267316,-0.02141231785640585,-0.031013582803841366,-0.03114932443663987,-0.022987011159321113
2021-11-29 00:00:00-05:00,0.02163791254905867,0.016136535670028707,0.04964715675134457,0.015695980621849515,0.013113836082823127
2021-11-30 00:00:00-05:00,0.031089535448798777,-0.01542056208667919,0.006810578672785006,-0.03208221623069418,-0.019143381187848973
2021-12-01 00:00:00-05:00,-0.0032116413317391235,-0.01822862373982126,-0.044440653310942935,-0.002864054029719565,-0.01188554145795706
2021-12-02 00:00:00-05:00,-0.00614859930112388,-0.0018485965146339822,-0.009543130353379503,0.014615441220971359,0.014094638396057846
2021-12-03 00:00:00-05:00,-0.011793903229768254,-0.013935728778151635,-0.06635217630568757,0.008817156987545705,-0.008484455141738678
2021-12-06 00:00:00-05:00,0.021274939892684586,0.011025217696555956,-0.0058893948058393875,0.025266502848823702,0.011662599309685717
2021-12-07 00:00:00-05:00,0.03483244407107566,0.02760203879831824,0.04148581070093549,0.005448711492519909,0.02049560318625332
2021-12-08 00:00:00-05:00,0.0225274878766184,-3.6899397348300056e-05,0.016230761245708436,-0.003810955891682788,0.0030805355865854978
2021-12-09 00:00:00-05:00,-0.002974368542681738,-0.01134374123885884,-0.06289341727027509,-0.002548805332819981,-0.007206988232523415
2021-12-10 00:00:00-05:00,0.027627920289575947,-0.011311296797986259,0.01309382748280008,0.02555478380567333,0.009503769118209604
2021-12-13 00:00:00-05:00,-0.020891063691134804,-0.015475202151187695,-0.05105377592462901,0.025957258616197354,-0.009178158342793452
2021-12-14 00:00:00-05:00,-0.008055442471361474,-0.0028110767563394035,-0.008208173270999986,0.000692207366543407,-0.0074987228546241624
2021-12-15 00:00:00-05:00,0.02811032158869775,0.024670732493370373,0.018072325435531056,0.004488277132291607,0.016216267351891744
2021-12-16 00:00:00-05:00,-0.040055594796913674,-0.025975639316216714,-0.051585055672322966,0.010110533717964998,-0.008781863311112303
2021-12-17 00:00:00-05:00,-0.006522957156946063,0.006766260845510352,0.0060769473419002296,-0.015810631923228957,-0.010340964584054646
2021-12-20 00:00:00-05:00,-0.008155033231466824,-0.017434660660618384,-0.0356160597954851,-0.0032964755007411917,-0.011453398323256536
2021-12-21 00:00:00-05:00,0.018906994347674733,0.019781695333892735,0.0419866565428304,0.003989257703274962,0.01762175538519628
2021-12-22 00:00:00-05:00,0.01520270997234352,0.003631503982249207,0.07227140942458732,0.007071933140833764,0.010128728029126677
2021-12-23 00:00:00-05:00,0.003637153932179338,0.0001841194647935751,0.056020025674185625,0.0006872832685953512,0.006204412685251626
2021-12-27 00:00:00-05:00,0.02271483182685241,-0.008211646321395705,0.02493491640225276,0.007358633311266072,0.013744051573606697
2021-12-28 00:00:00-05:00,-0.005783921483534016,0.005826710732445228,-0.005012818550008014,0.003913976045489154,-0.0010106653988870562
2021-12-29 00:00:00-05:00,0.0005018917363361908,-0.008591725101779524,-0.0020969072503067565,0.0011880963330663796,0.0014009134018575509
2021-12-30 00:00:00-05:00,-0.006599959387782128,-0.0032944277273427858,-0.014699782732613187,-0.0028879399824925933,-0.002994233841905114
2021-12-31 00:00:00-05:00,-0.0035415348734773033,-0.011495217795267187,-0.012749774874751374,0.007288781802472499,-0.0026296343734735217
2022-01-03 00:00:00-05:00,0.02469671724676381,0.021877258953900913,0.1269116289226746,0.0015188375559338496,0.006353824170387767
2022-01-04 00:00:00-05:00,-0.01277290957091104,-0.01706028968966322,-0.04273287830059669,0.01655691606138232,-0.0006298202522039276
2022-01-05 00:00:00-05:00,-0.02696003139516101,-0.019073846316683962,-0.054953895352911175,0.008259127905666297,-0.019583264304500858
2022-01-06 00:00:00-05:00,-0.016834241925237414,-0.006733601858714522,-0.02175837984148732,-0.00527791187422455,-0.000964233740180731
2022-01-07 00:00:00-05:00,0.000988008004780383,-0.004296997177475781,-0.03609004895021872,-0.0023179779826278946,-0.004058441082335662
2022-01-10 00:00:00-05:00,0.00011588630271042177,-0.006591854785116702,0.029890740749494604,0.001656344604273663,-0.0014420705375393084
2022-01-11 00:00:00-05:00,0.016644623278692983,0.023718602439307013,0.005917481776156919,0.0003308028601800572,0.00911828645239865
2022-01-12 00:00:00-05:00,0.0025669719186440787,-0.0009377696670975766,0.038537546128438294,0.0014877050645516476,0.002813792014666916
2022-01-13 00:00:00-05:00,-0.01921159519733706,-0.024466534551061514,-0.06987655465675058,0.005928853926250532,-0.014346029234399538
2022-01-14 00:00:00-05:00,0.00509783159104682,0.005715124523055337,0.017346435457551657,0.008013740767113475,0.0008196442695904693
2022-01-18 00:00:00-05:00,-0.019074967768729856,-0.02006265472349522,-0.018364847454341415,-0.008013740767113475,-0.018559105398008313
2022-01-19 00:00:00-05:00,-0.021248805035647855,-0.01661435907124531,-0.034413300098542265,0.0016407186821947306,-0.009736790941460072
2022-01-20 00:00:00-05:00,-0.010401178984493775,-0.030080217077817828,0.0006225100832644159,-0.004106821089727042,-0.011098742304332276
2022-01-21 00:00:00-05:00,-0.012847214591626077,-0.061345553646915185,-0.05399807229314213,-0.004950456583269869,-0.01909599532463524
2022-01-24 00:00:00-05:00,-0.00487619084205182,0.013238960430830282,-0.014835635717322937,-0.008138931710097275,0.0027679047582704897
2022-01-25 00:00:00-05:00,-0.011450001768225526,-0.03204163984338493,-0.012551567227814253,-0.0023375786041466284,-0.012246590556866721
2022-01-26 00:00:00-05:00,-0.000563281455148612,-0.007986135126472504,0.02048773822340877,-0.003684572553057208,-0.0014977569258860512
2022-01-27 00:00:00-05:00,-0.0029477523606145084,0.005493528624727517,-0.12277997465910762,0.0008386936525246469,-0.005398635199970414
2022-01-28 00:00:00-05:00,0.06745089415821592,0.03061073104055989,0.020592210362891272,0.019753414006243197,0.024055967914735632
2022-01-31 00:00:00-05:00,0.025790337197293844,0.038127433338897454,0.10145138741776716,0.0027900884936453707,0.01870982622298456
2022-02-01 00:00:00-05:00,-0.0009732469610028716,0.010772530182599382,-0.00585664334123237,-0.00740306943347413,0.00683956034831823
2022-02-02 00:00:00-05:00,0.007019542526744971,-0.0038501180924557232,-0.02786380690498813,0.010185869104026857,0.009378400448323276
2022-02-03 00:00:00-05:00,-0.01686091220473518,-0.08134849507057229,-0.016162405874435848,0.007003717093122752,-0.02469347172011993
2022-02-04 00:00:00-05:00,-0.0016808584942467064,0.12694891576845713,0.035474386816493286,-0.010606371229381573,0.005143678439862853
2022-02-07 00:00:00-05:00,-0.004243480377159159,0.0018759745778114123,-0.017458706575610883,0.01044406403734044,-0.003708580927828109
2022-02-08 00:00:00-05:00,0.018298165519087917,0.021782653816836195,0.016028052271245485,0.006472495409869161,0.008366113466633962
2022-02-09 00:00:00-05:00,0.008259673806404244,-0.0013886979453969772,0.01078752528548943,-0.015604951818638746,0.014412842079265076
2022-02-10 00:00:00-05:00,-0.023881901973668462,-0.013654506185153181,-0.029895212969281104,0.005554611914524443,-0.01828182448505622
2022-02-11 00:00:00-05:00,-0.020425582171459844,-0.03657177570139858,-0.05050521521012996,-0.01791786387576888,-0.019151682638085532
2022-02-14 00:00:00-05:00,0.0014221465749910678,0.012147601490993587,0.018159773032297544,0.0064481054755125555,-0.003847990755629027
2022-02-15 00:00:00-05:00,0.02288868430876434,0.008621083638872484,0.05191932445845815,0.0037830797096960467,0.015643717646064204
2022-02-16 00:00:00-05:00,-0.001389942834878255,0.010107783346744448,0.0010402120327626108,-0.0001642406811388497,0.0008808197202831991
2022-02-17 00:00:00-05:00,-0.021498741473886085,-0.02205023039300702,-0.05228610180162985,0.019834866830438003,-0.021400504136936505
2022-02-18 00:00:00-05:00,-0.009399789556426619,-0.013350682834785133,-0.02235096756147481,0.006738367167207215,-0.007191961663865598
2022-02-22 00:00:00-05:00,-0.01797265473327503,-0.015878899876572206,-0.04224617718140955,-0.004166026022202729,-0.010194735435016256
2022-02-23 00:00:00-05:00,-0.02620451635706722,-0.03641116014436818,-0.0725483016825832,-0.011140710369411444,-0.01858373574878769
2022-02-24 00:00:00-05:00,0.01654261367269516,0.04410800497645084,0.046953674093978215,-0.0176911671313551,0.014846105252724229
2022-02-25 00:00:00-05:00,0.012881987861178779,0.015930365373768574,0.011299945777284215,0.037942356606852634,0.022126080551265304
2022-02-28 00:00:00-05:00,0.0016364285890961838,-0.0014673390183546076,0.07211363413565586,-0.009752877742907451,-0.0024455914631271725
2022-03-01 00:00:00-05:00,-0.011696014408681066,-0.01589114836983363,-0.006986492144572587,-0.004347620294598009,-0.015594467786611332
2022-03-02 00:00:00-05:00,0.02037918801837879,0.0060061111126445965,0.017796004702968382,0.007395544224253925,0.01847104678065037
2022-03-03 00:00:00-05:00,-0.001983338012760072,-0.027699674301737254,-0.047240575115613304,0.0006405105936897471,-0.005268520744245109
2022-03-04 00:00:00-05:00,-0.018579596692082312,-0.015381483821486519,-0.0011922300504743077,0.001599517032868647,-0.007965684543002283
2022-03-07 00:00:00-05:00,-0.02400342857974902,-0.057862672145861715,-0.04104369101185856,-0.024101294177753196,-0.029962586814415104
2022-03-08 00:00:00-05:00,-0.011744950730418147,-0.010520594620232693,0.024335419149005943,-0.04042660873814352,-0.007260043975698238
2022-03-09 00:00:00-05:00,0.034399111382097836,0.023717698424230882,0.04107819387010192,0.005101345477638297,0.02537359812214035
2022-03-10 00:00:00-05:00,-0.0275626379196936,0.05271118653269635,-0.024358017786858532,-0.01848750450540626,-0.0043010499202473795
2022-03-11 00:00:00-05:00,-0.024199015945160163,-0.008845856240148109,-0.052593703659666424,0.0006909158796024606,-0.013046278933238398
2022-03-14 00:00:00-04:00,-0.026921608452322054,-0.025553208143986872,-0.03711720154932241,0.01827312186749852,-0.007448675095533375
2022-03-15 00:00:00-04:00,0.02924555290699793,0.038131399237698815,0.04530634609366668,0.01828095650696815,0.021182629724146196
2022-03-16 00:00:00-04:00,0.028602304210832763,0.03819476755459039,0.04670421907434541,-0.002687430809974245,0.02213692164839287
2022-03-17 00:00:00-04:00,0.006433113303272009,0.026649476185547805,0.03665493442277867,0.01053969031645785,0.01227220506870097
2022-03-18 00:00:00-04:00,0.020703266754733995,0.025192147663773312,0.03803519751155893,0.00016642166498126443,0.01159481441188781
2022-03-21 00:00:00-04:00,0.008501655738974101,0.0014934365899943458,0.017268009913467885,0.00795502884524879,-0.00043475485430199967
2022-03-22 00:00:00-04:00,0.020586981870141408,0.02082005115512331,0.07608328359539929,0.003624911270615705,0.01124069955407414
2022-03-23 00:00:00-04:00,0.008200109912328557,-0.009022396175223157,0.005147863044765444,-0.0066007382301283,-0.012348630252494885
2022-03-24 00:00:00-04:00,0.022424437638316697,0.0014768099843154303,0.014714339594958936,0.009557016130840701,0.014242012281618699
2022-03-25 00:00:00-04:00,0.003727049407230787,0.006844814730450288,-0.0032401817039868774,0.008978774016224378,0.005053380704236332
2022-03-28 00:00:00-04:00,0.005024165226051203,0.025270668800861706,0.07728050710253687,0.00631827077133007,0.007119551020043247
2022-03-29 00:00:00-04:00,0.01895348469449143,0.0019184362663260401,0.00705491356722554,0.003868508830572992,0.012182044101392009
2022-03-30 00:00:00-04:00,-0.006671631737868111,-0.017961531171231115,-0.005087674440050982,0.0008041417434165865,-0.0063135889990899585
2022-03-31 00:00:00-04:00,-0.01793565126151364,-0.020064520292899957,-0.015095174165618452,-0.003381351443784375,-0.0157763352268816
2022-04-01 00:00:00-04:00,-0.0017196022707324232,0.003445032282122895,0.006465651918934334,0.013934683073163256,0.003404420961462762
2022-04-04 00:00:00-04:00,0.02341707674147564,0.028844454497230387,0.0545955781797387,-0.005262744278232034,0.00805838253213409
2022-04-05 00:00:00-04:00,-0.019123691200339188,-0.02582264225660147,-0.04846463728047112,-0.00111990324036082,-0.012631159074006248
2022-04-06 00:00:00-04:00,-0.018623116478248214,-0.03283328123701157,-0.04258906976846255,0.0100343282399038,-0.009764433912478054
2022-04-07 00:00:00-04:00,0.0018024637885369899,-0.006138232814440592,0.01093679078037102,0.005373754381008844,0.004244365552036555
2022-04-08 00:00:00-04:00,-0.011980339623614888,-0.021291810941382217,-0.030510186068030798,0.006128691708775058,-0.002654546675552538
2022-04-11 00:00:00-04:00,-0.02584698237984817,-0.021850949776512252,-0.04953493181751334,-0.00031335175446844943,-0.01702133458469568
2022-04-12 00:00:00-04:00,0.011457308926041243,-0.0022158166719545846,0.01122853693277559,0.011685122103094692,-0.003423300530453588
2022-04-13 00:00:00-04:00,0.01621046859488562,0.031037763445815436,0.035259373586186804,0.002629849588387856,0.011112603268902177
2022-04-14 00:00:00-04:00,-0.030446977907518935,-0.02496165015949181,-0.03723709338922099,0.004470067835202762,-0.012218480383507924
2022-04-18 00:00:00-04:00,-0.0013320444793523123,0.007084013688020363,0.01939443951963149,-0.008960334562170047,-0.00020488927240691623
2022-04-19 00:00:00-04:00,0.014016552703950858,0.0342940109084795,0.023480261839117667,0.009729055286384458,0.015930044749387307
2022-04-20 00:00:00-04:00,-0.0010160845152684672,-0.026386116801539572,-0.050825021637719736,0.013584885295933269,-0.0006186664061829106
2022-04-21 00:00:00-04:00,-0.0048554258906747805,-0.03772931062801099,0.031805636085348254,0.0037829955012993466,-0.014862855551310616
2022-04-22 00:00:00-04:00,-0.028215367849653283,-0.026969363430673354,-0.003704429607069848,-0.014605457079806428,-0.02813207637736781
2022-04-25 00:00:00-04:00,0.006714637709201554,0.0118724293253063,-0.00701922259288601,0.010519417328360703,0.0056817651441125605
2022-04-26 00:00:00-04:00,-0.038042683215318895,-0.046830397470919216,-0.1299278575282088,-0.013589410149336345,-0.028550008928597492
2022-04-27 00:00:00-04:00,-0.001467955036064339,-0.008819827903123745,0.0057908789187459675,0.007809660753089531,0.0020958490249647355
2022-04-28 00:00:00-04:00,0.04416569850225471,0.04548392874815921,-0.004548029513557594,0.009563702933543361,0.024445655340832317
2022-04-29 00:00:00-04:00,-0.0372915650349368,-0.15139791287665272,-0.007721957937068424,-0.02416010955558523,-0.03695915978469522
2022-05-02 00:00:00-04:00,0.001964527282814821,0.001756547690294319,0.03628977282780177,-0.018274785232704538,0.005659199293818418
2022-05-03 00:00:00-04:00,0.009576579793172613,-0.0019818670830202834,0.006963974902023828,-0.005690731830648943,0.004825465075359858
2022-05-04 00:00:00-04:00,0.04018988044421601,0.013390415419769042,0.046595992796664376,0.030444852148719725,0.029425221557326964
2022-05-05 00:00:00-04:00,-0.05732861058733807,-0.07862161321968131,-0.08695990905101425,-0.00802839023694446,-0.036300677564099715
2022-05-06 00:00:00-04:00,0.0047160233902845405,-0.014140750847553285,-0.008775573655860569,0.0035590111188099627,-0.005690384413952643
2022-05-09 00:00:00-04:00,-0.03375240541143398,-0.05354166033985841,-0.09511263619709442,-0.002009955967231747,-0.03256151953960362
2022-05-10 00:00:00-04:00,0.01598369978541836,0.0006432376717793176,0.016293707630266496,-0.00933001628071306,0.002454881760408867
2022-05-11 00:00:00-04:00,-0.05323332285608995,-0.03255651570099172,-0.0861526495504652,0.004675825306435399,-0.01660023209569772
2022-05-12 00:00:00-04:00,-0.027262678856779132,0.014682093519508221,-0.008207980246495161,0.003105135822699445,-0.0012968049941122217
2022-05-13 00:00:00-04:00,0.031417853070357715,0.055695373338186194,0.055556831589002265,0.018583083645110854,0.023589267956868554
2022-05-16 00:00:00-04:00,-0.010729766292995713,-0.020052883582188485,-0.06055559591829773,0.0036451717749024226,-0.003954208517722435
2022-05-17 00:00:00-04:00,0.025104858738558278,0.04030980601090839,0.050132289582274225,-0.0027327105372423333,0.019968919581462075
2022-05-18 00:00:00-04:00,-0.058073148716855094,-0.07425163860523742,-0.07043726926027905,-0.07216849372698597,-0.041233809291247425
2022-05-19 00:00:00-04:00,-0.02495007615876421,0.0019259973748422254,-0.0005496144580128259,-0.019802651486168443,-0.005850864777348974
2022-05-20 00:00:00-04:00,0.0017456446911499057,0.0025313230136676523,-0.0663161611759957,0.016201408156014452,0.0001461310919914638
2022-05-23 00:00:00-04:00,0.039335306322264785,-0.00031610064973097707,0.016432950581560135,0.0303640037270414,0.018384995412059624
2022-05-24 00:00:00-04:00,-0.019402930088995518,-0.0326689712620567,-0.07176955888757153,0.018285458046627845,-0.008153950903556861
2022-05-25 00:00:00-04:00,0.001139445185595278,0.025371870055026946,0.047625084888030855,0.0007807877311645228,0.009406385648931703
2022-05-26 00:00:00-04:00,0.022934412452292996,0.03950431937060639,0.07164265445291118,0.0035834725441148407,0.019688166007719943
2022-05-27 00:00:00-04:00,0.03994799003481919,0.035977077098845456,0.07076881859385153,0.005892355251984505,0.024441130195821614
2022-05-31 00:00:00-04:00,-0.0053605748949383525,0.043030852834664124,-0.0018051917677217588,-0.020303878506471307,-0.006294135193666506
2022-06-01 00:00:00-04:00,-0.0008738413138003054,0.012191424649069305,-0.023876273341224774,-0.0049030927458639795,-0.007510905041154814
2022-06-02 00:00:00-04:00,0.01667172488904889,0.03096591180555297,0.04571303469577792,0.010410306163851857,0.018263225415545037
2022-06-03 00:00:00-04:00,-0.039318720409983854,-0.02550763935961431,-0.0967241388472253,-0.011997084758446519,-0.01648240560981762
2022-06-06 00:00:00-04:00,0.005214144854656766,0.0197465544390516,0.015919806421978322,-0.0015893004630802565,0.003132489407036587
2022-06-07 00:00:00-04:00,0.0174328506662782,-0.014447976483889846,0.002542820180630123,0.006026106940987042,0.009478331531719064
2022-06-08 00:00:00-04:00,-0.00505614051901393,-0.01490730933720652,0.01239735072635817,-0.005708005480812517,-0.010852623040154441
2022-06-09 00:00:00-04:00,-0.036618047900913275,-0.04239457368165134,-0.0089706717374467,-0.017483831516950765,-0.024086457665156047
2022-06-10 00:00:00-04:00,-0.03939439190217087,-0.057588983573757524,-0.03168770531986009,-0.006330644395402096,-0.0295424148114094
2022-06-13 00:00:00-04:00,-0.03903701052794961,-0.05608072910712014,-0.07366972655880133,-0.0011404551578655386,-0.039539931990040245
2022-06-14 00:00:00-04:00,0.006650502433453553,-0.013205363644664736,0.023606322357198728,-0.02780500320455026,-0.0037808180394893753
2022-06-15 00:00:00-04:00,0.019911853996847917,0.05106358079343565,0.053373616280111946,0.007401062188566954,0.014487058836534672
2022-06-16 00:00:00-04:00,-0.04045891438635518,-0.037954628731807105,-0.08927688581957316,-0.010106134641356235,-0.03305220711384038
2022-06-17 00:00:00-04:00,0.011467153344344894,0.02439607839682356,0.01702915760963819,0.0060758461172607525,0.0021984473410121552
2022-06-21 00:00:00-04:00,0.032235373672760304,0.022895360879699567,0.08942411634475622,0.02114468496505495,0.02418247496067316
2022-06-22 00:00:00-04:00,-0.003834357511932396,0.0024812460138328163,-0.004015858661335692,0.007386199431123508,-0.0013024200953584142
2022-06-23 00:00:00-04:00,0.021344332189339177,0.03153073437129894,-0.00431560975215195,0.011867040967755926,0.009487072485557135
2022-06-24 00:00:00-04:00,0.02422156188524216,0.03512809079637069,0.04425503260828734,0.018572504119108046,0.0301055397299006
2022-06-27 00:00:00-04:00,0.0,-0.02821501915746527,-0.0032067867617016077,-0.002064319019694061,-0.0029774998903402405
2022-06-28 00:00:00-04:00,-0.030242491604905553,-0.05277264310800245,-0.0513391457806156,-0.01006486155018127,-0.02034867314949551
2022-06-29 00:00:00-04:00,0.012939786728962233,0.014053454712350089,-0.01810000361139341,0.007199555310248407,-0.0007119988201722549
2022-06-30 00:00:00-04:00,-0.018192307778150507,-0.025195393281078005,-0.017735577471773567,0.0028653062399328633,-0.008797866246368358
2022-07-01 00:00:00-04:00,0.016035205555453125,0.031054064397664227,0.012352524133575571,0.023097702067302883,0.0104985112966407
2022-07-05 00:00:00-04:00,0.01875351047991458,0.035330514810318014,0.02521511490516115,-0.017233517010095234,0.001582875106192816
2022-07-06 00:00:00-04:00,0.00956138116003391,0.007286182647943562,-0.005737228466480282,0.00205219688595637,0.003566795705065573
2022-07-07 00:00:00-04:00,0.023716005553802155,0.0173419759994502,0.0538052294718776,-0.00791638194316402,0.0148537231809307
2022-07-08 00:00:00-04:00,0.004703512624308459,-0.00681419729183208,0.025117078284842442,0.0036492923680659928,-0.0008306163961275814
2022-07-11 00:00:00-04:00,-0.0148677030116664,-0.03335256478334081,-0.06772231414560181,-0.0031724628257840948,-0.01159441766052538
2022-07-12 00:00:00-04:00,0.006810400963713548,-0.022900025593117768,-0.005448427397798383,-0.004299152074426438,-0.009286868497493828
2022-07-13 00:00:00-04:00,-0.0025398668550558057,0.010745939763801005,0.016890005886122772,-0.004638108786215511,-0.004466864111815738
2022-07-14 00:00:00-04:00,0.020275437042397648,0.00208112755571932,0.0053574842368897535,-0.0032112418143466215,-0.0030031388127653713
2022-07-15 00:00:00-04:00,0.011385124713868322,0.026052020207380622,0.007330299130863693,0.005133048735086909,0.01901923165863373
2022-07-18 00:00:00-04:00,-0.020859160365378493,0.0018476894058663262,0.001997430616818896,-0.013693232297127267,-0.008398742485836053
2022-07-19 00:00:00-04:00,0.02637119877490779,0.03837171118403493,0.020505045463666605,0.014173189113494189,0.027253517643730518
2022-07-20 00:00:00-04:00,0.013419390255847041,0.03784996283211228,0.007991447618969971,-0.01660927767021203,0.005878493941057883
2022-07-21 00:00:00-04:00,0.014981261275357483,0.015036666950921429,0.09331246499887591,-0.0022791381285953705,0.009813066689504879
2022-07-22 00:00:00-04:00,-0.008143770880953305,-0.01789158533462576,0.001973278025583447,0.003741370710130809,-0.009376287293813235
2022-07-25 00:00:00-04:00,-0.007425693124901933,-0.010510843951367477,-0.014093787954092996,0.009694633411876374,0.0013143029733058142
2022-07-26 00:00:00-04:00,-0.00886562820429404,-0.05366832967343527,-0.036315218653082404,0.016268398893740432,-0.011610342599263745
2022-07-27 00:00:00-04:00,0.03366166836838769,0.052264024221746475,0.05982904612856643,-0.0031690088207696476,0.025820048778628646
2022-07-28 00:00:00-04:00,0.003565525877012199,0.010770895977067596,0.02188234782717391,0.016526609192916375,0.012060319791912022
2022-07-29 00:00:00-04:00,0.03226700104905866,0.09859082981024248,0.056238328890716005,0.0017157127524063398,0.014107775781754484
2022-08-01 00:00:00-04:00,-0.006172676037574654,0.0032551811488952254,0.0004262206792029488,0.005439411615010492,-0.002827076544916096
2022-08-02 00:00:00-04:00,-0.009330758877976741,-0.009126353187385305,0.011072869479979097,-0.013732964871037368,-0.006684688378872039
2022-08-03 00:00:00-04:00,0.03753431487421466,0.039174845971704286,0.02240285862664937,0.004390073619310542,0.015517456270091046
2022-08-04 00:00:00-04:00,-0.0019279728854861844,0.02162516775542045,0.004014952135593219,-0.003918968893768415,-0.0007776424495844481
2022-08-05 00:00:00-04:00,-0.0013900127766248715,-0.012492693140301547,-0.06860331182901547,-0.00456496792126071,-0.0016270690189177373
2022-08-08 00:00:00-04:00,-0.0029071959579196616,-0.009921207364733675,0.007789020718917072,-0.0064899789936623264,-0.0012383171221213018
2022-08-09 00:00:00-04:00,0.00030313985757768336,-0.011398203042398691,-0.024715554364526326,0.00126961442785678,-0.004257744235927063
2022-08-10 00:00:00-04:00,0.025857316929775997,0.03465340706112041,0.038168061008176934,0.009471330094322994,0.021067158460407853
2022-08-11 00:00:00-04:00,-0.004441299550920874,-0.014471032455293908,-0.02659995527031178,-0.0067786266373257575,-0.0007057229222020567
2022-08-12 00:00:00-04:00,0.021199267949040923,0.02047999822921831,0.04569026313078073,0.00756376829729799,0.017174046951492272
2022-08-15 00:00:00-04:00,0.006313515542323955,-0.0025808990121563014,0.03049389783135492,0.012480855891099374,0.003961684056234205
2022-08-16 00:00:00-04:00,-0.0009243701582226649,0.011112811619446994,-0.008952025876518555,0.008183360338682277,0.0018739228259470053
2022-08-17 00:00:00-04:00,0.008746323962291136,-0.01868426237825016,-0.008407578354357348,-0.002309261320905698,-0.007264114867647109
2022-08-18 00:00:00-04:00,-0.002294136501756583,0.0014064484864393378,-0.003713104770382003,0.0052267494773658996,0.0022669896063849393
2022-08-19 00:00:00-04:00,-0.015217127332967983,-0.02901859297383247,-0.020694514649366447,-0.0007668989135840576,-0.012983928713039106
2022-08-22 00:00:00-04:00,-0.023298846462019185,-0.036917027419821835,-0.023027123255798365,-0.01499615435980406,-0.0216323664664948
2022-08-23 00:00:00-04:00,-0.002031058426035237,0.002998007806708003,0.022307815587712554,0.0010898062760524851,-0.0022403704344373665
2022-08-24 00:00:00-04:00,0.0017922972904074186,0.0013462565476780597,0.00216777456504591,0.001399445662037202,0.0029119166987232603
2022-08-25 00:00:00-04:00,0.014812492361918395,0.02567645634510196,-0.00346166907546408,0.004805012417175014,0.013993241836107728
2022-08-26 00:00:00-04:00,-0.03842820086810583,-0.048735523902551314,-0.02732301898385181,-0.02441813606651344,-0.03426857631703939
2022-08-29 00:00:00-04:00,-0.013784935528198261,-0.007369394974060306,-0.011415491099770136,-0.006039409138522522,-0.006688675197326077
2022-08-30 00:00:00-04:00,-0.015423535134591049,-0.008200553488747708,-0.025315989236162295,-0.009288960243691413,-0.011089416492115589
2022-08-31 00:00:00-04:00,-0.010692185518466069,-0.015342760012094558,-0.007554668468040759,-0.007105078675262,-0.007847738208154098
2022-09-01 00:00:00-04:00,0.004695719652080044,0.008248627364462635,0.005608200169826993,0.004688612281556814,0.002991752267195835
2022-09-02 00:00:00-04:00,-0.013704488990898156,-0.0024282121857073236,-0.025395567131662133,-0.01380449318984045,-0.010794552570724036
2022-09-06 00:00:00-04:00,-0.008248882936089608,-0.011040262841267356,0.015460425583856185,0.0004904166433572499,-0.004103464690896175
2022-09-07 00:00:00-04:00,0.00921136096803643,0.02637184925335312,0.03325755641840722,0.018301665234798925,0.018174848666170362
2022-09-08 00:00:00-04:00,-0.009664525141150904,0.0026225359626117495,0.019408586563541164,-0.003053948654324401,0.006588966880441305
2022-09-09 00:00:00-04:00,0.018664470721047266,0.026228245626737312,0.03538924284934453,0.003214338527856242,0.015156014981211996
2022-09-12 00:00:00-04:00,0.03778513648889614,0.023581047138634403,0.015693156705111733,0.0028841299178621327,0.010528651483996398
2022-09-13 00:00:00-04:00,-0.06047176388881326,-0.07318946892343803,-0.0412094455730605,-0.03301913265611667,-0.044199163031974464
2022-09-14 00:00:00-04:00,0.009509998348985249,0.013549201586232407,0.03524587394017065,0.005277888635291106,0.003381289078845384
2022-09-15 00:00:00-04:00,-0.019111103305722743,-0.017816303428596747,0.003760195326889537,-0.013680503177972092,-0.011382272168150465
2022-09-16 00:00:00-04:00,-0.011020791750504522,-0.022017622356265143,-0.00131772014607634,0.0001678896768604332,-0.007208049775663028
2022-09-19 00:00:00-04:00,0.024773492752039772,0.009106029090596657,0.018680537647815854,0.007529590669631325,0.00683369772470499
2022-09-20 00:00:00-04:00,0.015544007589882725,-0.020012830448643548,-0.0011006680548337755,-0.0015013487842541196,-0.011336114736598901
2022-09-21 00:00:00-04:00,-0.020475824920205277,-0.030326766225785562,-0.026021592607865962,-0.008382358039304094,-0.017264674098507626
2022-09-22 00:00:00-04:00,-0.0063955883085400345,-0.010430481377003531,-0.04143856847866534,-0.0023597394940688687,-0.008463293830454077
2022-09-23 00:00:00-04:00,-0.015239352098002534,-0.030553234112176142,-0.047036653542681606,-0.01119982312893164,-0.017382828767329883
2022-09-26 00:00:00-04:00,0.002257733082027258,0.01196889092404696,0.0024668028538146203,-0.01253569142470834,-0.010394360890281007
2022-09-27 00:00:00-04:00,0.006544660410251701,-0.006447119796422207,0.02479773733322954,-0.026084466301943277,-0.0021226109548244665
2022-09-28 00:00:00-04:00,-0.012732141624129945,0.030980865018271686,0.017065662059064124,0.010585744012376441,0.0194811441811531
2022-09-29 00:00:00-04:00,-0.05036639250335195,-0.027577874271049296,-0.07053030781739,-0.007221561902532425,-0.021352794823098264
2022-09-30 00:00:00-04:00,-0.030499690822952452,-0.015803691756381077,-0.011097446407076994,-0.009769924143584685,-0.015181351546209143
2022-10-03 00:00:00-04:00,0.03028895412305932,0.02516733048685804,-0.09008354847845279,0.011183227463751333,0.02555457753092938
2022-10-04 00:00:00-04:00,0.025300463004027662,0.04397889132420385,0.028629186081376545,0.002292232423143137,0.030125341416800566
2022-10-05 00:00:00-04:00,0.0020511403865048905,-0.0011568286989316334,-0.03521018442372981,-0.00955587008380121,-0.0020199875589383964
2022-10-06 00:00:00-04:00,-0.0066476992513857525,-0.005388563475943187,-0.01119146713261543,-0.021749831840942146,-0.010297922911394863
2022-10-07 00:00:00-04:00,-0.03740988480890284,-0.04888996644735055,-0.06533110715825696,-0.009494383543578788,-0.02840319653147816
2022-10-10 00:00:00-04:00,0.0023530910838642782,-0.0077991843110716275,-0.000493243096292062,-0.0022037922244151353,-0.007520673133653233
2022-10-11 00:00:00-04:00,-0.010308039273076552,-0.012927390072383638,-0.02940186584357729,0.0016532435175564686,-0.006540518412323948
2022-10-12 00:00:00-04:00,-0.004615680384355336,0.0061303771532079665,0.003412211010253685,0.012041867131804107,-0.0032961996501654767
2022-10-13 00:00:00-04:00,0.03306028652074833,-0.003282642756825993,0.02041257160441301,0.013152053513846962,0.025634259307631524
2022-10-14 00:00:00-04:00,-0.03277104213900994,-0.051326009609214296,-0.07845410579918521,-0.016058086434335817,-0.02394712074452876
2022-10-17 00:00:00-04:00,0.028706602385985214,0.06246082010979048,0.06770743117966127,0.012831179942331516,0.02613552455756185
2022-10-18 00:00:00-04:00,0.009365362863444915,0.022334186457693583,0.003822165646732323,0.013377547797846834,0.01136276820708737
2022-10-19 00:00:00-04:00,0.0007650362413569312,-0.011148202689094333,0.008366694500343996,-0.008540867231568328,-0.006694455239685482
2022-10-20 00:00:00-04:00,-0.003272480417935597,0.0015630456934783155,-0.06878698522005955,-0.015850490139017293,-0.007982686738765565
2022-10-21 00:00:00-04:00,0.0266995336962621,0.03470527521216482,0.03395945997966532,0.015850490139017293,0.023447759860447448
2022-10-24 00:00:00-04:00,0.01469405874327645,0.00418165701990425,-0.014987724107085931,0.028364430546742536,0.011811940205111782
2022-10-25 00:00:00-04:00,0.01915302726092527,0.006488657531862785,0.05152521192099346,0.023687983902531684,0.01613577001587352
2022-10-26 00:00:00-04:00,-0.019822187261907764,-0.04182438724790494,0.009931639962148964,0.007436310342943564,-0.007415140398988385
2022-10-27 00:00:00-04:00,-0.03093905094192717,-0.041485116637176134,0.002001187835787732,0.0023544436366025323,-0.006101185053184466
2022-10-28 00:00:00-04:00,0.07283466074027523,-0.07046806314523213,0.015123446596271073,0.02045120534083633,0.024328036770855377
2022-10-31 00:00:00-04:00,-0.015530591439086194,-0.009424419446504295,-0.004297734947230403,-0.015090229260859012,-0.007482327030336577
2022-11-01 00:00:00-04:00,-0.017698213447404854,-0.0567335925439707,0.0012298580156588912,-0.0035149225534878425,-0.00410966372035837
2022-11-02 00:00:00-04:00,-0.03801862262620048,-0.04945158785215398,-0.05801089494975553,-0.014014512619152875,-0.025319843737483083
2022-11-03 00:00:00-04:00,-0.043330621963346694,-0.031090582711074788,0.0015338580999042506,-0.0005102840052799706,-0.010642422531956797
2022-11-04 00:00:00-04:00,-0.0019490428586621533,0.01863821698267376,-0.037092081982256,0.008132777126808044,0.013526823285562983
2022-11-07 00:00:00-05:00,0.0038946269529320787,-0.004958465035960202,-0.05137700982212223,0.003873784585859852,0.009568061679360085
2022-11-08 00:00:00-05:00,0.004166406003300871,-0.006093813282808114,-0.029766854567743195,0.0018472936806315232,0.0055822828287599435
2022-11-09 00:00:00-05:00,-0.03375331906377976,-0.043613588180190455,-0.07436539035358258,-0.014024053921189328,-0.020996784712302485
2022-11-10 00:00:00-05:00,0.08523646883838953,0.11491535104712991,0.07132888823212635,0.03527325747874421,0.05395251566479686
2022-11-11 00:00:00-05:00,0.0190853737776866,0.04214992986278254,0.027155202242509446,0.007201347398928526,0.009198312304770084
2022-11-14 00:00:00-05:00,-0.009530914336516538,-0.023084154958510794,-0.025949994830441803,-0.009668294390171361,-0.008975940544917904
2022-11-15 00:00:00-05:00,0.011799690099371318,0.004558631983396566,0.018009160285334502,-0.0016478851388024296,0.008675376414668534
2022-11-16 00:00:00-05:00,-0.00836614482110054,-0.018566274883704992,-0.03934004993858764,-0.0018159495555707394,-0.008286283111873516
2022-11-17 00:00:00-05:00,0.012888005888799903,-0.02365067529774212,-0.0202660346606498,0.0031344748370507602,-0.0030941046442301
2022-11-18 00:00:00-05:00,0.003774769877677997,-0.007513650804187755,-0.016402810087859265,0.007057838541269845,0.004747295648158456
2022-11-21 00:00:00-05:00,-0.021918876630075523,-0.018006920831346918,-0.07082202204033461,0.015257643412428301,-0.0038912498002758866
2022-11-22 00:00:00-05:00,0.01455473623240966,0.007971580289158453,0.012079065403442613,0.004339716174375674,0.013488606269829617
2022-11-23 00:00:00-05:00,0.005908980142825371,0.009929087433161676,0.0753095289310659,0.004480699624573425,0.005897266041737126
2022-11-25 00:00:00-05:00,-0.019788266054993287,-0.007678331291085527,-0.0018575995078746743,0.0009575527024168196,-0.0002830842622021379
2022-11-28 00:00:00-05:00,-0.026615158997161714,0.005764248287248641,0.0003280527056261917,0.00015955688217239583,-0.015564696794065469
2022-11-29 00:00:00-05:00,-0.021375145695986753,-0.01641930774688838,-0.011491515256992102,-0.003514978071982533,-0.001593133701623728
2022-11-30 00:00:00-05:00,0.04745002255995345,0.043614054085947096,0.07390252318127732,0.02499143509231594,0.030478643521295368
2022-12-01 00:00:00-05:00,0.0018898156131648136,-0.010831192229061593,0.0,0.00282569851503478,-0.000868009829606109
2022-12-02 00:00:00-05:00,-0.0033771504794275486,-0.014449471106160239,0.00082145842545156,0.008740456138193409,-0.0011953746637622942
2022-12-05 00:00:00-05:00,-0.008015163156405158,-0.03370736231877913,-0.06580520897353814,-0.013769545278555562,-0.01805624963097152
2022-12-06 00:00:00-05:00,-0.02569720536337794,-0.030795718248339377,-0.01451975486845214,-0.0004728418118311595,-0.014503869422986426
2022-12-07 00:00:00-05:00,-0.013880689068551,0.00237676627715544,-0.03267127201155784,0.0015751439906530607,-0.0018641072533824854
2022-12-08 00:00:00-05:00,0.012059661315444004,0.021140538059143843,-0.0034533869482489266,0.004240310212204612,0.007493634413933137
2022-12-09 00:00:00-05:00,-0.003440956184503463,-0.014043946522882322,0.031833381160952356,-0.010555508871983754,-0.00737671946421159
2022-12-12 00:00:00-05:00,0.016257109750672072,0.016255164405059475,-0.06477309340338344,0.013059784972915267,0.014178307299649973
2022-12-13 00:00:00-05:00,0.0067597011543441,0.02119828943740565,-0.041798281301312024,0.00031264118646134875,0.007263223255456808
2022-12-14 00:00:00-05:00,-0.01565786931657076,-0.009887580246292771,-0.026122611404862717,0.0,-0.0060711166238363035
2022-12-15 00:00:00-05:00,-0.04798756827625539,-0.034775541119833164,0.005533102257132327,-0.01384767609692883,-0.0252374779018254
2022-12-16 00:00:00-05:00,-0.014686132743094937,-0.006692740608663428,-0.04833680500131532,-0.00572062247107219,-0.011200239946012047
2022-12-19 00:00:00-05:00,-0.01603737019743079,-0.03403503022155707,-0.0023992055582811034,0.0014331785243646422,-0.009048328941103634
2022-12-20 00:00:00-05:00,-0.0005289868314850565,0.003174469440174299,-0.08396483835074342,-0.0007959068436482752,0.0010368006978893618
2022-12-21 00:00:00-05:00,0.023530399942674585,0.018376816404560792,-0.0016704490129972882,0.015957234095357542,0.014758548669055571
2022-12-22 00:00:00-05:00,-0.024059666749337794,-0.03494722156603025,-0.09302311928148832,-0.007236017058438016,-0.014557142498146547
2022-12-23 00:00:00-05:00,-0.0028021493729202263,0.017274436611979915,-0.017706675474399525,0.007549428144548287,0.005850952271915233
2022-12-27 00:00:00-05:00,-0.013975396984709398,-0.026265685720910703,-0.12113825810398904,0.00609249759780095,-0.0040578440346585865
2022-12-28 00:00:00-05:00,-0.03116597770034879,-0.014800721671305972,0.03255326127816183,-0.01001743554594281,-0.012093470442948728
2022-12-29 00:00:00-05:00,0.0279306844072309,0.028435658196291236,0.07772640277207277,0.005960002441137924,0.017310634314993578
2022-12-30 00:00:00-05:00,0.002466007612500043,-0.002140568124387343,0.01110215983317353,-0.005330821840271227,-0.002543975646110752
2023-01-03 00:00:00-05:00,-0.038122355859421475,0.021435277164067124,-0.13058999220665157,-0.010429918450639342,-0.004008572481273731
2023-01-04 00:00:00-05:00,0.010261431160092371,-0.007955122776173162,0.04997884108534212,-0.0004767486332939441,0.007510694562139264
2023-01-05 00:00:00-05:00,-0.010661377436885111,-0.024011573396659713,-0.029469076960099372,-0.011509071986696817,-0.011713869136457333
2023-01-06 00:00:00-05:00,0.03613341596191333,0.03499173785047294,0.024352154998278586,0.019108893336561295,0.022583835589031764
2023-01-09 00:00:00-05:00,0.00408048683839457,0.014760401298199,0.05765457927800277,-0.012538936124713018,-0.0007679273259917352
2023-01-10 00:00:00-05:00,0.004446531283869071,0.02832669324878445,-0.007711027963740236,-0.0076959553576010364,0.006953997970594372
2023-01-11 00:00:00-05:00,0.02089244503024812,0.056459560807313736,0.03610920452561306,-0.00193337627051271,0.012767571192293659
2023-01-12 00:00:00-05:00,-0.0005995876932329836,0.0018911574433708722,0.0027554627983876756,-0.012985131747287326,0.0034100849120424215
2023-01-13 00:00:00-05:00,0.01006852959703508,0.029476316899670785,-0.009432465746951557,0.0035878459577043387,0.003988892144656475
2023-01-17 00:00:00-05:00,0.008718089107794924,-0.021322326395198488,0.07163646233055765,0.004061325597391807,-0.0020325554309970073
2023-01-18 00:00:00-05:00,-0.005384542926599067,-0.0061616190001014814,-0.02082533224405747,-0.03078677059309598,-0.015684966977744352
2023-01-19 00:00:00-05:00,0.0004438241634030504,-0.018822579439956577,-0.01258075299688155,-0.0015059733165747602,-0.0076676719018120565
2023-01-20 00:00:00-05:00,0.019038327476394556,0.03740025995145313,0.0479772739232045,0.006010132195023665,0.01874167355235201
2023-01-23 00:00:00-05:00,0.023228719573508805,0.002772468251432514,0.0745736461200801,0.002493505178756905,0.011811315951328893
2023-01-24 00:00:00-05:00,0.010012666033590634,-0.012381472357830603,0.0009734348560739292,0.005298840921813763,-0.0007117563642928815
2023-01-25 00:00:00-05:00,-0.004711849334671392,0.008888953725914028,0.003745795868339563,0.006256270079513904,-0.0001817415734652883
2023-01-26 00:00:00-05:00,0.014694800949547115,0.020774687057825147,0.10406500926150564,-0.0019714250349407436,0.010947708029114267
2023-01-27 00:00:00-05:00,0.013591365875844197,0.029983350559054323,0.10436164069972165,-0.005276191444488099,0.0024917340217047723
2023-01-30 00:00:00-05:00,-0.020282182195731302,-0.016667823165641416,-0.06526572943550502,0.00247655892773313,-0.01305356931529289
2023-01-31 00:00:00-05:00,0.008980457252510732,0.02533515512643625,0.038606639022428446,0.011151413588978087,0.014536304416418844
2023-02-01 00:00:00-05:00,0.00786961246058393,0.019397614964411503,0.04619721319012804,0.0001631539566613327,0.010398056296885727
2023-02-02 00:00:00-05:00,0.036392343292735774,0.07120315696615265,0.03711744228973313,-0.017268832372751675,0.014592384626853416
2023-02-03 00:00:00-05:00,0.02410699311786413,-0.08808283393109928,0.009041655543146732,-0.00749320435419687,-0.010408592637284997
2023-02-06 00:00:00-05:00,-0.0180913462341854,-0.011772272805909978,0.02484922213668206,0.005666665999686238,-0.006159393193939877
2023-02-07 00:00:00-05:00,0.019061768656301048,-0.000685297344461766,0.010470780820742931,-0.0016633712034472836,0.012790364037398305
2023-02-08 00:00:00-05:00,-0.017810410678477773,-0.02038057801277038,0.022507837028281408,-0.0058435164383423555,-0.011142573012412171
2023-02-09 00:00:00-05:00,-0.0069355661171996985,-0.01825664887825429,0.029516907690852356,-0.0016758479325797992,-0.008869009831038
2023-02-10 00:00:00-05:00,0.002453169489584184,-0.006433489213979904,-0.05161833459581189,0.0,0.0021928557092181222
2023-02-13 00:00:00-05:00,0.018632089123856943,0.019579629188156034,-0.011493498714308714,0.01630366495655977,0.011383569951155081
2023-02-14 00:00:00-05:00,-0.004234053744354149,0.0016060637303949576,0.07237801403011446,-0.016806980985160536,-0.00028045385549368973
2023-02-15 00:00:00-05:00,0.013807814448584033,0.014537811644538046,0.023567198213513052,0.0,0.002769337533075955
2023-02-16 00:00:00-05:00,-0.010484109425235921,-0.03020652173405658,-0.058631243213632445,-0.006228438285488025,-0.013884689204880729
2023-02-17 00:00:00-05:00,-0.007575358986641412,-0.009726256199159344,0.030561678706295226,0.015083250553959537,-0.002771242172283195
2023-02-21 00:00:00-05:00,-0.02704207490794719,-0.027324623494127565,-0.05394722804912977,-0.005336908361303294,-0.02024478397347096
2023-02-22 00:00:00-05:00,0.0028917728379846963,0.012712248376870683,0.01752803597725361,0.003005527445121281,-0.001574795485643321
2023-02-23 00:00:00-05:00,0.003285176359286268,0.0003131233176389969,0.006006057267468279,0.001832251870585111,0.005315278263237744
2023-02-24 00:00:00-05:00,-0.018169437846535352,-0.024509991975448564,-0.026019777387594978,-0.0041690135699088415,-0.010593464619775617
2023-02-27 00:00:00-05:00,0.008213672922149584,0.0027769123180885202,0.053163242155016555,-0.0003343942472033845,0.0030682925395524308
2023-02-28 00:00:00-05:00,-0.0034537164713697166,0.005000289230826738,-0.009290230436857172,-0.005195736374387749,-0.0030406198309478327
2023-03-01 00:00:00-05:00,-0.014348596607336894,-0.022103959704043774,-0.014395089751066514,-0.010982587944505795,-0.0047364642034928295
2023-03-02 00:00:00-05:00,0.004120740744692597,-0.00043408483069917736,-0.06032265409146742,0.014505212874311724,0.007553593731197239
2023-03-03 00:00:00-05:00,0.03448856631183972,0.029623128385876996,0.035456129089512345,-0.004699551036797978,0.016018749176483382
2023-03-06 00:00:00-05:00,0.01836964812096742,-0.012192056844170907,-0.020327542733144632,0.0153592216441929,0.0006869307788477386
2023-03-07 00:00:00-05:00,-0.014602663084743561,-0.0021355795087458773,-0.03198003067013744,-0.005815426098288334,-0.015445590479263416
2023-03-08 00:00:00-05:00,0.00834240408967446,0.003947251242114369,-0.03089156736881815,0.0004999283669775423,0.0014137941356029415
2023-03-09 00:00:00-05:00,-0.015027094861415513,-0.01794105366325205,-0.051177637866391734,-0.009707327614428607,-0.018631857945480945
2023-03-10 00:00:00-05:00,-0.013975937591811594,-0.016614182739941974,0.0030026831172511592,-0.004213415118668351,-0.014583969436067434
2023-03-13 00:00:00-04:00,0.013178747850166594,0.01856350439768839,0.00597836507889582,0.010082543173587588,-0.0015109018407386543
2023-03-14 00:00:00-04:00,0.013990968956475669,0.026161301723076846,0.04909578215581334,0.0036714057524021015,0.016342388235363714
2023-03-15 00:00:00-04:00,0.002617894105152452,0.013816419647146638,-0.015452165385496208,0.006641356082685235,-0.007005363929353692
2023-03-16 00:00:00-04:00,0.018521642885223955,0.03914078921242492,0.02018834222054977,0.005487632191849556,0.01740957624903139
2023-03-17 00:00:00-04:00,-0.005469105810704811,-0.010955473953869976,-0.0219632168547923,-0.004654200309446743,-0.011080621273952929
2023-03-20 00:00:00-04:00,0.015365341605484417,-0.012610742620752013,0.017172501224135495,0.00961689882213701,0.0088788696359412
2023-03-21 00:00:00-04:00,0.011873320631933026,0.0292477637840598,0.07529223411697661,-0.004631040486422933,0.012898647518557738
2023-03-22 00:00:00-04:00,-0.00914520372211669,-0.01916674685056563,-0.0330851466718185,-0.004486225532138732,-0.016600248639841553
2023-03-23 00:00:00-04:00,0.0069453560480772225,0.00010133363497377701,0.005582127533771519,-0.002167191756515585,0.0029800838691826925
2023-03-24 00:00:00-04:00,0.008271307650549176,-0.005893146925694204,-0.00946089452644383,0.016222780649199464,0.005623963084302019
2023-03-27 00:00:00-04:00,-0.0123695532359136,-0.0009175342309672985,0.007325624786097329,0.007362057535257982,0.0016455995637674192
2023-03-28 00:00:00-04:00,-0.0039882867526177535,-0.008193440518931894,-0.013753472002495215,0.001140279579533221,-0.0015750832883885124
2023-03-29 00:00:00-04:00,0.01959744623582882,0.030484938707394882,0.024487622159041322,0.007138294293260294,0.014136870775047328
2023-03-30 00:00:00-04:00,0.009841232021598145,0.01730574709759214,0.007194983671774402,-0.00016168697926843834,0.0056989991994829126
2023-03-31 00:00:00-04:00,0.015523214979626054,0.012567761597930271,0.06050416253224267,0.0029060513795222676,0.014333327782036775
2023-04-03 00:00:00-04:00,0.00767203012969464,-0.00855617503556072,-0.06311918518816917,0.005947113049232122,0.0036920225658025885
2023-04-04 00:00:00-04:00,-0.0032548627997028845,0.01492558509944164,-0.011307735857578827,-0.00304948233934077,-0.0058138397451621415
2023-04-05 00:00:00-04:00,-0.011354464096418937,-0.027799874012425008,-0.037348945343230966,0.009439312238021635,-0.0024954816571209903
2023-04-06 00:00:00-04:00,0.005480797448863761,0.009450740780883926,-0.0024826323485553914,0.0006368129862597272,0.0035727731328023538
2023-04-10 00:00:00-04:00,-0.016101202115705426,0.0010772229671438538,-0.0029764508462148953,-0.0023898877604278113,0.000995807017009298
2023-04-11 00:00:00-04:00,-0.0076201356023748446,-0.022268227189569778,0.012281322445656606,-0.001756217266658311,-4.135333298194155e-05
2023-04-12 00:00:00-04:00,-0.004362819478383351,-0.021138550306078585,-0.034032632545504704,0.001756217266658311,-0.004143456323461692
2023-04-13 00:00:00-04:00,0.03353498628196139,0.0456554303205321,0.02925653921283633,0.00731091712055143,0.013175510497831056
2023-04-14 00:00:00-04:00,-0.0021160360707055403,0.0010736481279813859,-0.0048530368168213656,-0.0015848416580155344,-0.002071517584578686
2023-04-17 00:00:00-04:00,0.00012091205682462913,0.002241128611983889,0.010966636750078251,0.006481710088342751,0.003300703582615583
2023-04-18 00:00:00-04:00,0.007476637411366838,-0.004291801457498856,-0.01470335251106647,0.0015746104508540526,0.0008548548034656989
2023-04-19 00:00:00-04:00,0.006944112095094823,0.01936168847711439,-0.020389861131667963,0.0018861652112418525,-8.426554794027652e-05
2023-04-20 00:00:00-04:00,-0.005863457832220753,-0.0047091095790214865,-0.10254036525166654,0.004387349332283463,-0.005970335188310472
2023-04-21 00:00:00-04:00,-0.009828949325496161,0.029892642547030057,0.012741333042302294,0.0014061769380839806,0.0009027812573005889
2023-04-24 00:00:00-04:00,0.0018767428885215764,-0.007036666520682466,-0.015444550452118122,-0.0015624299145935439,0.000851216778272601
2023-04-25 00:00:00-04:00,-0.009480359827837681,-0.03487276836944808,-0.011633104865311772,-0.0015650625842651422,-0.01593718381857734
2023-04-26 00:00:00-04:00,-6.122792990925774e-05,0.023224398457013073,-0.04402465397224642,-0.004709623920838624,-0.003848583503344827
2023-04-27 00:00:00-04:00,0.027999556053880603,0.04507277127081366,0.04103271926745489,0.002043590149329866,0.019377193402696946
2023-04-28 00:00:00-04:00,0.007512728812455904,-0.040605781087401205,0.025394246651119445,0.007353581066859682,0.008219331313243927
2023-05-01 00:00:00-04:00,-0.0005304418289489021,-0.03277395882406431,-0.015208459761727688,0.0023355594025922244,-0.0003861810485101813
2023-05-02 00:00:00-04:00,-0.006210675773538732,0.01536391753200217,-0.009436987371174155,-0.004520268293966012,-0.0116539066805732
2023-05-03 00:00:00-04:00,-0.006488340115683222,0.00019301691085349404,0.001869644402714421,-0.0056400173058692715,-0.007022908054892696
2023-05-04 00:00:00-04:00,-0.009962813080568012,0.003371045538128392,0.003666741266012963,0.0010991606883896665,-0.007244913455062729
2023-05-05 00:00:00-04:00,0.04585909540727062,0.015835527254170145,0.05350549046047259,0.004696963143842048,0.018306166381879763
2023-05-08 00:00:00-04:00,-0.00040349083478652403,0.0016076240119398122,0.010121459955025891,-0.0015632252168975569,0.00045202648488285035
2023-05-09 00:00:00-04:00,-0.010021106084630027,0.007437086747608568,-0.015486902413259784,-0.008326132752741522,-0.004589938949060013
2023-05-10 00:00:00-04:00,0.010367003313177747,0.032935033500926636,-0.0036127886345127536,0.0017336698665459949,0.004473942241913775
2023-05-11 00:00:00-04:00,0.0010939772438041118,0.017898556144585243,0.020786425091438687,0.005653428499680757,-0.001698064889705364
2023-05-12 00:00:00-04:00,-0.005432233987432866,-0.017263494264582846,-0.024114596337054373,0.003907119611894494,-0.001584561589439204
2023-05-15 00:00:00-04:00,-0.002901561611717618,0.00848912183659678,-0.009750860107846648,-0.0026552071475025585,0.002953797680316228
2023-05-16 00:00:00-04:00,0.0,0.019591050376757124,0.001021408828827397,-0.011324543338577797,-0.006398107681917509
2023-05-17 00:00:00-04:00,0.003596891754288123,0.018349125212473893,0.04313493317739159,-0.001107732316673271,0.011820688622071529
2023-05-18 00:00:00-04:00,0.013573298499924391,0.022684486585829333,0.0172776858434478,-0.005557842346383346,0.009400723063727412
2023-05-19 00:00:00-04:00,0.0006283185030664384,-0.01621197208021119,0.01820625596243186,0.00047764775417036276,-0.0014469138806756376
2023-05-22 00:00:00-04:00,-0.005495967083295028,-0.010723944788674444,0.047324598887595215,-0.021233027956476747,0.0001550226798023857
2023-05-23 00:00:00-04:00,-0.015270910401465443,-0.00017395019575072723,-0.016549549453013235,-0.0017898736561647866,-0.011285468768283735
2023-05-24 00:00:00-04:00,0.001630748296169493,0.015189747065965875,-0.015569850375932504,-0.008505118180482718,-0.0073455126783059654
2023-05-25 00:00:00-04:00,0.006670103795855198,-0.01510276818575651,0.008547333224801612,-0.00775002701809413,0.008719456079012033
2023-05-26 00:00:00-04:00,0.014006208029204714,0.043475866284753195,0.04608376548838056,-0.0024861410315768495,0.01296468093164016
2023-05-30 00:00:00-04:00,0.010603112859651098,0.012822304345734281,0.04053000876950019,-0.007997363231011967,1.6603130665870935e-05
2023-05-31 00:00:00-04:00,-0.00028189854611326837,-0.00891685074708537,0.01367613228017639,-0.002009407804708374,-0.006127358186214238
2023-06-01 00:00:00-04:00,0.01589539118234118,0.017999210602822835,0.01745097936742468,0.005682901208000857,0.00980621508585422
2023-06-02 00:00:00-04:00,0.004763989985837824,0.011983006127262996,0.030608082827556338,0.01914870855997819,0.014429812390106989
2023-06-05 00:00:00-04:00,-0.00759989450930032,0.008415221280893448,0.016868648629118077,-0.006726284714921427,-0.002005591490657821
2023-06-06 00:00:00-04:00,-0.0020624597143417134,0.010400614095251726,0.016859949919710182,-0.007269131308978771,0.0023511302338512508
2023-06-07 00:00:00-04:00,-0.007786581914951185,-0.04342190490377362,0.01462307267215568,-0.0014933769600871116,-0.003819293926420997
2023-06-08 00:00:00-04:00,0.015346826144044812,0.02460606952762845,0.044802099330860656,0.002487657891687256,0.006169571607523849
2023-06-09 00:00:00-04:00,0.0021574449834185216,-0.006621468748440051,0.03981660778824825,0.0016552053609775186,0.0011474010230507758
2023-06-12 00:00:00-04:00,0.015517720814947289,0.025121316164936403,0.021974491562612997,-0.0043090202224318475,0.009277974981754866
2023-06-13 00:00:00-04:00,-0.0026150155902131544,0.0007108476079604742,0.034927016341885775,0.003978251111877107,0.006908570725908447
2023-06-14 00:00:00-04:00,0.003485337010060263,-0.0018966774409427956,-0.007449046704933515,0.006759421345536865,0.000819089980126364
2023-06-15 00:00:00-04:00,0.01113639460216298,0.005443175548084156,-0.0034719442089690133,0.01364817488996195,0.012104580493589978
2023-06-16 00:00:00-04:00,-0.00587724271728618,-0.012826801009232724,0.017969713751816663,0.007160365807618696,-0.0036783764677519315
2023-06-20 00:00:00-04:00,0.0004865538533413982,0.002308282311187959,0.05201270640767319,-0.00667048728400399,-0.004746353835235695
2023-06-21 00:00:00-04:00,-0.005691356662103075,-0.007581513078945612,-0.05616662426467656,0.0027713253816763483,-0.005259086366924848
2023-06-22 00:00:00-04:00,0.016390285825875317,0.04173475821321837,0.019654473293680752,0.006813732562879871,0.003703930387334964
2023-06-23 00:00:00-04:00,-0.0017128095564196144,-0.006320292959407503,-0.03073851253541715,-0.010564925551807214,-0.007688288056503012
2023-06-26 00:00:00-04:00,-0.007581672936066042,-0.01558513561942565,-0.06251408245574464,0.00032677239505751743,-0.0044969343631322545
2023-06-27 00:00:00-04:00,0.014946902520648564,0.014424567940817923,0.03729619858071853,-0.0021258668765025135,0.011390733524182295
2023-06-28 00:00:00-04:00,0.006307817897650558,-0.0010843421189461466,0.023813875097039805,-0.009374200294722357,-0.000354139388390351
2023-06-29 00:00:00-04:00,0.0017948802181120271,-0.008873661272556177,0.004905252914132241,-0.008296046485351205,0.004463568114490002
2023-06-30 00:00:00-04:00,0.02283964927468851,0.01905113813636028,0.016446493545468677,0.0033266425735165583,0.0121943502618862
2023-07-03 00:00:00-04:00,-0.00781494666072824,-0.0010745214685305982,0.06668035183063026,0.0059603412410380585,0.0011699930926720725
2023-07-05 00:00:00-04:00,-0.0058887896344401724,0.001227963764141471,0.009461225032651122,0.007400667216140633,-0.0019702580976126427
2023-07-06 00:00:00-04:00,0.0025056189087431235,-0.015614479950363247,-0.02125228365266274,-0.007730826929073231,-0.007954061175894367
2023-07-07 00:00:00-04:00,-0.005908724688834965,0.011001878790425579,-0.007659314226954095,-0.013298236101100258,-0.002869212795733489
2023-07-10 00:00:00-04:00,-0.010915169762474974,-0.020630536429564472,-0.017719776626485384,-0.007558473255225628,0.0024021386106269915
2023-07-11 00:00:00-04:00,-0.00281393407468844,0.012895349273541079,0.0006674942605870982,0.0035343716331555086,0.0067195839982545635
2023-07-12 00:00:00-04:00,0.008945296108070266,0.015563949723523152,0.008121354742897324,0.005362010807241191,0.007383905235389676
2023-07-13 00:00:00-04:00,0.004049244609425351,0.02640666389805002,0.02149604977554187,0.008486560137889398,0.008434482989626346
2023-07-14 00:00:00-04:00,0.0007870745513862687,0.00282541365786404,0.012444771516691766,0.009072296574709426,-0.0010249321969073577
2023-07-17 00:00:00-04:00,0.017157569558750474,-0.008350743114512227,0.03148434056863536,-0.0014789238177455033,0.0038479695744211284
2023-07-18 00:00:00-04:00,-0.0013413524952703426,-0.0054806678666219355,0.010141906463636552,-0.0039546761041808765,0.007092066941428499
2023-07-19 00:00:00-04:00,0.007046908827252452,0.018867771437651726,-0.007115960751103323,0.01751138560628096,0.002355134827233485
2023-07-20 00:00:00-04:00,-0.010148677420024121,-0.040711137905085515,-0.10244266406360136,0.012093960749809618,-0.006779827396258042
2023-07-21 00:00:00-04:00,-0.0061807007837932915,0.0003076879936561028,-0.011015199637560258,0.0008010956907034128,0.0003240420146131129
2023-07-24 00:00:00-04:00,0.004211214322433321,-0.009273613091557387,0.03417588510139691,0.0003202840564826559,0.004026038496874662
2023-07-25 00:00:00-04:00,0.00450333971708794,0.002558849307687794,-0.014148526638195769,-0.003367791430880729,0.0028107195758391157
2023-07-26 00:00:00-04:00,0.004534712275680697,-0.007618281489535583,-0.0035118615751388305,0.012769498282789726,-0.00015545097867608604
2023-07-27 00:00:00-04:00,-0.006602690435859593,0.0007800788687015725,-0.03322998965193502,-0.009721990908391653,-0.0064453930551966465
2023-07-28 00:00:00-04:00,0.013417605979550551,0.03041013425296679,0.04110507058974999,0.0006404655639329349,0.009829375810433305
2023-07-31 00:00:00-04:00,0.0031609360319411195,0.011057211194102301,0.0037087357528324816,-0.008841794412794535,0.0014676354365690258
2023-08-01 00:00:00-04:00,-0.004285134221532871,-0.01499813523677851,-0.024069223808832696,-0.0025869378719676206,-0.0026686453076827377
2023-08-02 00:00:00-04:00,-0.015611173618429675,-0.026781097330387027,-0.027021352113566266,0.003071280555829503,-0.01393620063833545
2023-08-03 00:00:00-04:00,-0.007348620332645162,0.00544491793249513,0.02029560201226044,-0.0051780702755133134,-0.0025512254502917386
2023-08-04 00:00:00-04:00,-0.0492112266143554,0.07945180513430206,-0.02127991218641956,-0.01520260732470291,-0.005314169373939137
2023-08-07 00:00:00-04:00,-0.017404420079285998,0.01880884304099517,-0.00953878588298096,0.007875382754747307,0.008983618964856888
2023-08-08 00:00:00-04:00,0.005297767464856662,-0.016161386274730738,-0.006983965417304283,-0.004422309410337277,-0.004227205100058029
2023-08-09 00:00:00-04:00,-0.008994705673742054,-0.015047595017538384,-0.030537632908455237,0.0022955289076147523,-0.007063619102046559
2023-08-10 00:00:00-04:00,-0.0012354712337518947,0.005137245447970784,0.012922436522360137,-0.0022955289076147523,0.0002506825210808472
2023-08-11 00:00:00-04:00,0.00033760784758118945,-0.0010831058272495753,-0.01102493798028803,0.004095376766434455,-0.0010702648992282349
2023-08-14 00:00:00-04:00,0.009349268835674884,0.015485316080358302,-0.01198165060033407,-0.004752053068837192,0.005734004879418109
2023-08-15 00:00:00-04:00,-0.011263571875907985,-0.020846133672850264,-0.02877160626916453,-0.006757403764295233,-0.011618139396096794
2023-08-16 00:00:00-04:00,-0.004971388014551437,-0.019066286976507918,-0.032103247149654734,0.00016537195799237736,-0.00758408179262382
2023-08-17 00:00:00-04:00,-0.01466218240091166,-0.008102713606701784,-0.028687749322523715,0.002147154294926956,-0.00774281137752908
2023-08-18 00:00:00-04:00,0.0028121208547018384,-0.0056885970432292154,-0.01716126710964705,0.005593924533399353,-0.00014871788395787178
2023-08-21 00:00:00-04:00,0.007707042234371464,0.01089963376239833,0.07071456218373573,-0.00856821223288673,0.006855634859800119
2023-08-22 00:00:00-04:00,0.007873810502979417,-0.003197806521519908,0.008224489949780533,-0.006141549661255574,-0.002781331046545432
2023-08-23 00:00:00-04:00,0.021711629233373664,0.009415529041193693,0.015615669490355089,0.003490313185518623,0.010984330710790857
2023-08-24 00:00:00-04:00,-0.026519108308756145,-0.027530224045928087,-0.02921607421029293,-0.002658086388648506,-0.013549353984007695
2023-08-25 00:00:00-04:00,0.012563964122623617,0.010713027528748142,0.03649340462828743,0.004647254475639073,0.0066955010602960385
2023-08-28 00:00:00-04:00,0.008807130181753386,-0.0009008643247145898,0.0009635784854138407,0.00281112840128106,0.006245078594195874
2023-08-29 00:00:00-04:00,0.021575848588008206,0.013206715007284764,0.07406603958973079,-0.0009913302317139383,0.014404068712057239
2023-08-30 00:00:00-04:00,0.01899086371335912,0.0011853002024686532,-0.001089320005828398,-0.0004959683342526944,0.003825854181192412
2023-08-31 00:00:00-04:00,0.0011716663947396455,0.021532889699268587,0.004582681990043191,-0.010640235392551212,-0.0015982129743399298
2023-09-01 00:00:00-04:00,0.008427788102730815,0.0007967306725369383,-0.05197055872941725,-0.008729175397808042,0.0017975127655187606
2023-09-05 00:00:00-04:00,0.0012658298661056833,-0.0061730167817586334,0.045790635803832025,-0.008296042605431708,-0.004202997821382226
2023-09-06 00:00:00-04:00,-0.03644965138532186,-0.014011920021061997,-0.017978069897591098,-0.000680331293367864,-0.006996014491431168
2023-09-07 00:00:00-04:00,-0.029685598763889764,0.018228281379293776,-0.001708320364021354,-0.0076849758734036655,-0.003216433115733608
2023-09-08 00:00:00-04:00,0.003485569694559487,0.002752751821612165,-0.011960403623667126,0.0,0.0014256060622575006
2023-09-11 00:00:00-04:00,0.0066007893601574,0.034624795646587714,0.09615118904304953,0.009384869726934753,0.006700951498135765
2023-09-12 00:00:00-04:00,-0.01720785255634283,-0.013153992385327662,-0.02254919632050001,-0.009899429817289196,-0.005712169023004421
